employee_id,first_name,last_name,age,gender,department,designation,salary,joining_date,experience,performance_score,city,status,department_id
100001,grace,grace,25,Male,HR,Manager,50000.0,2018-04-05,3.0,2,Hyderabad,Active,3
100002,david,david,35,Female,Finance,Director,65000.0,2018-04-05,13.0,1,Bengaluru,Review,2
100003,hannah,hannah,35,Female,Sales,Director,65000.0,2018-04-05,13.0,3,Mumbai,Active,4
100004,eve,eve,35,Female,IT,Manager,50000.0,2018-04-05,13.0,5,Chennai,Active,1
100005,grace,grace,35,Female,Finance,Manager,65000.0,2018-04-05,13.0,1,Bengaluru,Review,2
100006,jack,jack,35,Other,Marketing,Director,65000.0,2018-04-05,13.0,1,Pune,Review,5
100007,charlie,charlie,35,Male,Marketing,Clerk,50000.0,2018-04-05,13.0,4,Pune,Active,5
100008,grace,grace,40,Other,HR,Director,50000.0,2018-04-05,18.0,3,Hyderabad,Active,3
100009,hannah,hannah,40,Female,Marketing,Manager,65000.0,2018-04-05,18.0,3,Pune,Active,5
100010,eve,eve,35,Other,Finance,Assistant,65000.0,2018-04-05,13.0,5,Bengaluru,Active,2
100011,david,david,25,Male,Marketing,Analyst,70000.0,2018-04-05,3.0,4,Pune,Active,5
100012,hannah,hannah,35,Other,Finance,Assistant,70000.0,2018-04-05,13.0,5,Bengaluru,Active,2
100013,hannah,hannah,35,Male,IT,Assistant,50000.0,2018-04-05,13.0,2,Chennai,Active,1
100014,charlie,charlie,25,Other,HR,Manager,55000.0,2018-04-05,3.0,1,Hyderabad,Review,3
100015,frank,frank,50,Male,Marketing,Director,65000.0,2018-04-05,28.0,5,Pune,Active,5
100016,eve,eve,35,Male,Finance,Clerk,65000.0,2018-04-05,13.0,1,Bengaluru,Review,2
100017,bob,bob,40,Female,Sales,Assistant,55000.0,2018-04-05,18.0,4,Mumbai,Active,4
100018,hannah,hannah,50,Male,HR,Director,55000.0,2018-04-05,28.0,2,Hyderabad,Active,3
100019,frank,frank,25,Female,IT,Clerk,65000.0,2018-04-05,3.0,4,Chennai,Active,1
100020,bob,bob,50,Female,Finance,Assistant,50000.0,2018-04-05,28.0,2,Bengaluru,Active,2
100021,eve,eve,35,Female,IT,Clerk,50000.0,2018-04-05,13.0,2,Chennai,Active,1
100022,alice,alice,25,Other,IT,Director,50000.0,2018-04-05,3.0,1,Chennai,Review,1
100023,jack,jack,50,Other,Marketing,Analyst,50000.0,2018-04-05,28.0,4,Pune,Active,5
100024,frank,frank,40,Other,Marketing,Director,70000.0,2018-04-05,18.0,4,Pune,Active,5
100025,ivy,ivy,40,Other,Finance,Manager,50000.0,2018-04-05,18.0,5,Bengaluru,Active,2
100026,alice,alice,35,Male,Sales,Clerk,70000.0,2018-04-05,13.0,4,Mumbai,Active,4
100027,jack,jack,50,Male,Finance,Analyst,70000.0,2018-04-05,28.0,5,Bengaluru,Active,2
100028,charlie,charlie,35,Other,Sales,Clerk,50000.0,2018-04-05,13.0,3,Mumbai,Active,4
100029,grace,grace,50,Male,IT,Clerk,65000.0,2018-04-05,28.0,3,Chennai,Active,1
100030,david,david,25,Male,HR,Assistant,65000.0,2018-04-05,3.0,3,Hyderabad,Active,3
100031,ivy,ivy,25,Female,Finance,Manager,55000.0,2018-04-05,3.0,4,Bengaluru,Active,2
100032,charlie,charlie,50,Female,Finance,Clerk,70000.0,2018-04-05,28.0,4,Bengaluru,Active,2
100033,eve,eve,35,Female,Sales,Director,65000.0,2018-04-05,13.0,5,Mumbai,Active,4
100034,charlie,charlie,40,Female,IT,Director,65000.0,2018-04-05,18.0,2,Chennai,Active,1
100035,grace,grace,25,Male,IT,Assistant,65000.0,2018-04-05,3.0,5,Chennai,Active,1
100036,eve,eve,40,Other,Sales,Manager,65000.0,2018-04-05,18.0,3,Mumbai,Active,4
100037,ivy,ivy,25,Male,IT,Manager,65000.0,2018-04-05,3.0,5,Chennai,Active,1
100038,grace,grace,35,Male,Marketing,Director,65000.0,2018-04-05,13.0,2,Pune,Active,5
100039,bob,bob,35,Male,HR,Analyst,55000.0,2018-04-05,13.0,4,Hyderabad,Active,3
100040,david,david,25,Female,Finance,Assistant,55000.0,2018-04-05,3.0,5,Bengaluru,Active,2
100041,ivy,ivy,40,Female,HR,Assistant,70000.0,2018-04-05,18.0,3,Hyderabad,Active,3
100042,bob,bob,35,Female,Finance,Director,50000.0,2018-04-05,13.0,3,Bengaluru,Active,2
100043,jack,jack,25,Other,Marketing,Director,65000.0,2018-04-05,3.0,4,Pune,Active,5
100044,ivy,ivy,35,Male,IT,Analyst,70000.0,2018-04-05,13.0,5,Chennai,Active,1
100045,jack,jack,35,Other,Sales,Analyst,65000.0,2018-04-05,13.0,2,Mumbai,Active,4
100046,eve,eve,25,Female,Marketing,Manager,50000.0,2018-04-05,3.0,4,Pune,Active,5
100047,bob,bob,35,Other,HR,Assistant,65000.0,2018-04-05,13.0,5,Hyderabad,Active,3
100048,david,david,35,Male,Sales,Assistant,65000.0,2018-04-05,13.0,1,Mumbai,Review,4
100049,grace,grace,50,Male,IT,Director,50000.0,2018-04-05,28.0,3,Chennai,Active,1
100050,hannah,hannah,35,Female,Marketing,Manager,70000.0,2018-04-05,13.0,2,Pune,Active,5
100051,charlie,charlie,35,Female,Sales,Assistant,50000.0,2018-04-05,13.0,2,Mumbai,Active,4
100052,alice,alice,35,Other,Marketing,Manager,65000.0,2018-04-05,13.0,2,Pune,Active,5
100053,david,david,35,Female,Marketing,Manager,55000.0,2018-04-05,13.0,3,Pune,Active,5
100054,bob,bob,35,Female,IT,Director,70000.0,2018-04-05,13.0,5,Chennai,Active,1
100055,hannah,hannah,25,Male,Finance,Manager,65000.0,2018-04-05,3.0,4,Bengaluru,Active,2
100056,david,david,35,Female,Sales,Analyst,65000.0,2018-04-05,13.0,5,Mumbai,Active,4
100057,bob,bob,35,Female,IT,Analyst,70000.0,2018-04-05,13.0,4,Chennai,Active,1
100058,frank,frank,35,Male,Marketing,Clerk,50000.0,2018-04-05,13.0,2,Pune,Active,5
100059,frank,frank,35,Male,IT,Director,50000.0,2018-04-05,13.0,5,Chennai,Active,1
100060,jack,jack,35,Other,Finance,Clerk,50000.0,2018-04-05,13.0,2,Bengaluru,Active,2
100061,david,david,50,Female,Sales,Analyst,50000.0,2018-04-05,28.0,1,Mumbai,Review,4
100062,frank,frank,25,Male,Finance,Clerk,65000.0,2018-04-05,3.0,2,Bengaluru,Active,2
100063,bob,bob,35,Other,HR,Director,65000.0,2018-04-05,13.0,2,Hyderabad,Active,3
100064,jack,jack,50,Other,Sales,Director,65000.0,2018-04-05,28.0,4,Mumbai,Active,4
100065,bob,bob,40,Female,Finance,Manager,55000.0,2018-04-05,18.0,1,Bengaluru,Review,2
100066,jack,jack,25,Female,Marketing,Assistant,65000.0,2018-04-05,3.0,2,Pune,Active,5
100067,david,david,25,Other,Sales,Manager,65000.0,2018-04-05,3.0,2,Mumbai,Active,4
100068,hannah,hannah,40,Male,Sales,Director,65000.0,2018-04-05,18.0,1,Mumbai,Review,4
100069,grace,grace,35,Other,IT,Analyst,65000.0,2018-04-05,13.0,1,Chennai,Review,1
100070,ivy,ivy,50,Female,Marketing,Analyst,55000.0,2018-04-05,28.0,5,Pune,Active,5
100071,hannah,hannah,35,Male,HR,Manager,55000.0,2018-04-05,13.0,4,Hyderabad,Active,3
100072,eve,eve,35,Male,Finance,Director,65000.0,2018-04-05,13.0,1,Bengaluru,Review,2
100073,bob,bob,35,Other,IT,Analyst,50000.0,2018-04-05,13.0,1,Chennai,Review,1
100074,eve,eve,40,Female,Finance,Director,65000.0,2018-04-05,18.0,3,Bengaluru,Active,2
100075,hannah,hannah,25,Other,HR,Analyst,70000.0,2018-04-05,3.0,1,Hyderabad,Review,3
100076,jack,jack,25,Other,HR,Director,55000.0,2018-04-05,3.0,4,Hyderabad,Active,3
100077,ivy,ivy,35,Other,Sales,Clerk,55000.0,2018-04-05,13.0,2,Mumbai,Active,4
100078,ivy,ivy,25,Male,HR,Director,65000.0,2018-04-05,3.0,2,Hyderabad,Active,3
100079,alice,alice,25,Male,Finance,Director,65000.0,2018-04-05,3.0,2,Bengaluru,Active,2
100080,ivy,ivy,35,Female,Marketing,Manager,70000.0,2018-04-05,13.0,2,Pune,Active,5
100081,grace,grace,50,Female,Marketing,Clerk,70000.0,2018-04-05,28.0,3,Pune,Active,5
100082,ivy,ivy,50,Other,Sales,Assistant,55000.0,2018-04-05,28.0,1,Mumbai,Review,4
100083,hannah,hannah,35,Other,Finance,Manager,50000.0,2018-04-05,13.0,2,Bengaluru,Active,2
100084,alice,alice,40,Other,Finance,Assistant,65000.0,2018-04-05,18.0,5,Bengaluru,Active,2
100085,hannah,hannah,25,Female,HR,Analyst,70000.0,2018-04-05,3.0,2,Hyderabad,Active,3
100086,hannah,hannah,25,Male,Finance,Assistant,55000.0,2018-04-05,3.0,1,Bengaluru,Review,2
100087,charlie,charlie,40,Male,IT,Director,70000.0,2018-04-05,18.0,2,Chennai,Active,1
100088,alice,alice,50,Other,HR,Assistant,65000.0,2018-04-05,28.0,3,Hyderabad,Active,3
100089,hannah,hannah,35,Other,IT,Manager,65000.0,2018-04-05,13.0,4,Chennai,Active,1
100090,charlie,charlie,35,Other,Sales,Manager,65000.0,2018-04-05,13.0,4,Mumbai,Active,4
100091,charlie,charlie,35,Other,Marketing,Assistant,65000.0,2018-04-05,13.0,1,Pune,Review,5
100092,alice,alice,50,Female,Sales,Manager,65000.0,2018-04-05,28.0,4,Mumbai,Active,4
100093,eve,eve,50,Male,Marketing,Manager,55000.0,2018-04-05,28.0,4,Pune,Active,5
100094,jack,jack,40,Other,Sales,Assistant,65000.0,2018-04-05,18.0,5,Mumbai,Active,4
100095,grace,grace,25,Female,Finance,Clerk,65000.0,2018-04-05,3.0,1,Bengaluru,Review,2
100096,jack,jack,40,Other,IT,Clerk,65000.0,2018-04-05,18.0,1,Chennai,Review,1
100097,ivy,ivy,40,Other,Marketing,Analyst,70000.0,2018-04-05,18.0,4,Pune,Active,5
100098,grace,grace,50,Male,HR,Manager,70000.0,2018-04-05,28.0,4,Hyderabad,Active,3
100099,ivy,ivy,35,Other,IT,Assistant,65000.0,2018-04-05,13.0,4,Chennai,Active,1
100100,hannah,hannah,35,Male,HR,Manager,70000.0,2018-04-05,13.0,3,Hyderabad,Active,3
100101,bob,bob,25,Male,IT,Director,65000.0,2018-04-05,3.0,2,Chennai,Active,1
100102,alice,alice,50,Male,IT,Manager,50000.0,2018-04-05,28.0,3,Chennai,Active,1
100103,grace,grace,35,Female,Sales,Manager,65000.0,2018-04-05,13.0,1,Mumbai,Review,4
100104,grace,grace,35,Female,Marketing,Clerk,65000.0,2018-04-05,13.0,5,Pune,Active,5
100105,hannah,hannah,35,Male,Marketing,Assistant,65000.0,2018-04-05,13.0,2,Pune,Active,5
100106,eve,eve,50,Other,IT,Manager,65000.0,2018-04-05,28.0,5,Chennai,Active,1
100107,charlie,charlie,35,Male,Finance,Clerk,70000.0,2018-04-05,13.0,1,Bengaluru,Review,2
100108,hannah,hannah,25,Other,Finance,Analyst,70000.0,2018-04-05,3.0,1,Bengaluru,Review,2
100109,frank,frank,35,Male,HR,Clerk,65000.0,2018-04-05,13.0,5,Hyderabad,Active,3
100110,charlie,charlie,50,Other,HR,Clerk,65000.0,2018-04-05,28.0,5,Hyderabad,Active,3
100111,alice,alice,50,Female,Sales,Clerk,55000.0,2018-04-05,28.0,5,Mumbai,Active,4
100112,charlie,charlie,35,Other,IT,Manager,65000.0,2018-04-05,13.0,1,Chennai,Review,1
100113,eve,eve,35,Male,HR,Manager,70000.0,2018-04-05,13.0,4,Hyderabad,Active,3
100114,charlie,charlie,25,Female,HR,Analyst,65000.0,2018-04-05,3.0,5,Hyderabad,Active,3
100115,alice,alice,40,Other,IT,Director,70000.0,2018-04-05,18.0,2,Chennai,Active,1
100116,eve,eve,35,Other,Sales,Director,65000.0,2018-04-05,13.0,1,Mumbai,Review,4
100117,jack,jack,35,Other,HR,Director,65000.0,2018-04-05,13.0,3,Hyderabad,Active,3
100118,grace,grace,35,Other,Sales,Analyst,65000.0,2018-04-05,13.0,3,Mumbai,Active,4
100119,grace,grace,35,Other,Marketing,Director,70000.0,2018-04-05,13.0,2,Pune,Active,5
100120,ivy,ivy,50,Female,Sales,Director,65000.0,2018-04-05,28.0,4,Mumbai,Active,4
100121,jack,jack,35,Female,Finance,Clerk,65000.0,2018-04-05,13.0,5,Bengaluru,Active,2
100122,jack,jack,35,Female,Finance,Manager,55000.0,2018-04-05,13.0,1,Bengaluru,Review,2
100123,charlie,charlie,25,Female,Sales,Manager,65000.0,2018-04-05,3.0,5,Mumbai,Active,4
100124,grace,grace,35,Male,Finance,Clerk,65000.0,2018-04-05,13.0,1,Bengaluru,Review,2
100125,alice,alice,35,Female,Marketing,Clerk,55000.0,2018-04-05,13.0,3,Pune,Active,5
100126,david,david,40,Other,IT,Clerk,55000.0,2018-04-05,18.0,5,Chennai,Active,1
100127,david,david,25,Other,Finance,Manager,50000.0,2018-04-05,3.0,2,Bengaluru,Active,2
100128,eve,eve,25,Female,Finance,Director,70000.0,2018-04-05,3.0,4,Bengaluru,Active,2
100129,grace,grace,35,Other,Sales,Clerk,65000.0,2018-04-05,13.0,2,Mumbai,Active,4
100130,grace,grace,35,Female,Marketing,Analyst,55000.0,2018-04-05,13.0,4,Pune,Active,5
100131,david,david,40,Other,IT,Clerk,50000.0,2018-04-05,18.0,5,Chennai,Active,1
100132,grace,grace,50,Male,Sales,Assistant,65000.0,2018-04-05,28.0,5,Mumbai,Active,4
100133,charlie,charlie,25,Male,Sales,Clerk,65000.0,2018-04-05,3.0,4,Mumbai,Active,4
100134,frank,frank,40,Female,Marketing,Manager,65000.0,2018-04-05,18.0,3,Pune,Active,5
100135,bob,bob,35,Female,IT,Clerk,55000.0,2018-04-05,13.0,1,Chennai,Review,1
100136,jack,jack,35,Female,Marketing,Assistant,70000.0,2018-04-05,13.0,2,Pune,Active,5
100137,ivy,ivy,25,Other,IT,Analyst,50000.0,2018-04-05,3.0,2,Chennai,Active,1
100138,eve,eve,35,Female,Marketing,Director,55000.0,2018-04-05,13.0,2,Pune,Active,5
100139,frank,frank,35,Male,Sales,Clerk,70000.0,2018-04-05,13.0,5,Mumbai,Active,4
100140,david,david,35,Other,Sales,Assistant,55000.0,2018-04-05,13.0,2,Mumbai,Active,4
100141,jack,jack,50,Female,HR,Assistant,65000.0,2018-04-05,28.0,1,Hyderabad,Review,3
100142,grace,grace,50,Other,Finance,Analyst,65000.0,2018-04-05,28.0,1,Bengaluru,Review,2
100143,ivy,ivy,35,Other,Marketing,Manager,65000.0,2018-04-05,13.0,4,Pune,Active,5
100144,grace,grace,35,Female,HR,Clerk,65000.0,2018-04-05,13.0,5,Hyderabad,Active,3
100145,alice,alice,35,Other,Finance,Assistant,65000.0,2018-04-05,13.0,1,Bengaluru,Review,2
100146,alice,alice,40,Male,Marketing,Analyst,50000.0,2018-04-05,18.0,3,Pune,Active,5
100147,ivy,ivy,50,Male,IT,Director,65000.0,2018-04-05,28.0,5,Chennai,Active,1
100148,ivy,ivy,40,Other,Finance,Assistant,70000.0,2018-04-05,18.0,5,Bengaluru,Active,2
100149,david,david,50,Female,Sales,Analyst,55000.0,2018-04-05,28.0,1,Mumbai,Review,4
100150,ivy,ivy,35,Other,HR,Manager,65000.0,2018-04-05,13.0,3,Hyderabad,Active,3
100151,charlie,charlie,35,Male,Finance,Manager,70000.0,2018-04-05,13.0,4,Bengaluru,Active,2
100152,grace,grace,25,Other,Finance,Assistant,65000.0,2018-04-05,3.0,1,Bengaluru,Review,2
100153,frank,frank,40,Other,Sales,Assistant,65000.0,2018-04-05,18.0,3,Mumbai,Active,4
100154,hannah,hannah,35,Male,Marketing,Clerk,70000.0,2018-04-05,13.0,5,Pune,Active,5
100155,ivy,ivy,40,Other,IT,Analyst,65000.0,2018-04-05,18.0,3,Chennai,Active,1
100156,eve,eve,35,Other,Sales,Assistant,65000.0,2018-04-05,13.0,5,Mumbai,Active,4
100157,alice,alice,35,Female,IT,Clerk,50000.0,2018-04-05,13.0,1,Chennai,Review,1
100158,charlie,charlie,40,Female,Marketing,Clerk,55000.0,2018-04-05,18.0,1,Pune,Review,5
100159,jack,jack,35,Male,Finance,Assistant,50000.0,2018-04-05,13.0,2,Bengaluru,Active,2
100160,hannah,hannah,35,Male,IT,Manager,55000.0,2018-04-05,13.0,2,Chennai,Active,1
100161,frank,frank,35,Male,HR,Analyst,55000.0,2018-04-05,13.0,2,Hyderabad,Active,3
100162,hannah,hannah,25,Female,HR,Analyst,50000.0,2018-04-05,3.0,1,Hyderabad,Review,3
100163,ivy,ivy,40,Male,Sales,Manager,70000.0,2018-04-05,18.0,4,Mumbai,Active,4
100164,david,david,35,Male,Marketing,Assistant,55000.0,2018-04-05,13.0,1,Pune,Review,5
100165,alice,alice,35,Male,Sales,Analyst,50000.0,2018-04-05,13.0,3,Mumbai,Active,4
100166,alice,alice,35,Female,Sales,Assistant,55000.0,2018-04-05,13.0,1,Mumbai,Review,4
100167,jack,jack,35,Other,Sales,Assistant,65000.0,2018-04-05,13.0,1,Mumbai,Review,4
100168,david,david,35,Male,HR,Clerk,70000.0,2018-04-05,13.0,5,Hyderabad,Active,3
100169,grace,grace,35,Other,HR,Manager,65000.0,2018-04-05,13.0,5,Hyderabad,Active,3
100170,bob,bob,35,Male,Sales,Assistant,55000.0,2018-04-05,13.0,5,Mumbai,Active,4
100171,charlie,charlie,40,Other,HR,Director,65000.0,2018-04-05,18.0,1,Hyderabad,Review,3
100172,alice,alice,40,Female,Marketing,Manager,65000.0,2018-04-05,18.0,4,Pune,Active,5
100173,eve,eve,50,Female,Sales,Analyst,65000.0,2018-04-05,28.0,3,Mumbai,Active,4
100174,alice,alice,50,Male,HR,Clerk,55000.0,2018-04-05,28.0,3,Hyderabad,Active,3
100175,hannah,hannah,25,Other,IT,Analyst,50000.0,2018-04-05,3.0,4,Chennai,Active,1
100176,alice,alice,35,Female,Sales,Analyst,55000.0,2018-04-05,13.0,4,Mumbai,Active,4
100177,alice,alice,40,Male,Sales,Manager,65000.0,2018-04-05,18.0,3,Mumbai,Active,4
100178,bob,bob,35,Male,Marketing,Analyst,65000.0,2018-04-05,13.0,2,Pune,Active,5
100179,bob,bob,35,Female,Finance,Assistant,55000.0,2018-04-05,13.0,5,Bengaluru,Active,2
100180,frank,frank,35,Female,Finance,Analyst,50000.0,2018-04-05,13.0,5,Bengaluru,Active,2
100181,grace,grace,35,Male,Marketing,Clerk,55000.0,2018-04-05,13.0,3,Pune,Active,5
100182,eve,eve,50,Other,Marketing,Clerk,70000.0,2018-04-05,28.0,4,Pune,Active,5
100183,alice,alice,35,Other,Marketing,Director,50000.0,2018-04-05,13.0,2,Pune,Active,5
100184,alice,alice,25,Other,Finance,Clerk,65000.0,2018-04-05,3.0,3,Bengaluru,Active,2
100185,charlie,charlie,35,Male,Marketing,Analyst,65000.0,2018-04-05,13.0,5,Pune,Active,5
100186,bob,bob,50,Female,HR,Clerk,55000.0,2018-04-05,28.0,1,Hyderabad,Review,3
100187,eve,eve,35,Male,Sales,Manager,50000.0,2018-04-05,13.0,4,Mumbai,Active,4
100188,jack,jack,50,Female,Sales,Clerk,70000.0,2018-04-05,28.0,1,Mumbai,Review,4
100189,frank,frank,25,Other,IT,Assistant,50000.0,2018-04-05,3.0,3,Chennai,Active,1
100190,grace,grace,35,Other,IT,Manager,65000.0,2018-04-05,13.0,5,Chennai,Active,1
100191,david,david,35,Female,Sales,Director,70000.0,2018-04-05,13.0,2,Mumbai,Active,4
100192,grace,grace,25,Female,HR,Assistant,65000.0,2018-04-05,3.0,1,Hyderabad,Review,3
100193,hannah,hannah,50,Male,Finance,Analyst,65000.0,2018-04-05,28.0,2,Bengaluru,Active,2
100194,alice,alice,25,Other,Finance,Analyst,65000.0,2018-04-05,3.0,5,Bengaluru,Active,2
100195,frank,frank,35,Male,HR,Analyst,55000.0,2018-04-05,13.0,1,Hyderabad,Review,3
100196,hannah,hannah,40,Male,Finance,Assistant,50000.0,2018-04-05,18.0,2,Bengaluru,Active,2
100197,eve,eve,25,Male,Marketing,Assistant,65000.0,2018-04-05,3.0,2,Pune,Active,5
100198,david,david,25,Other,Sales,Assistant,70000.0,2018-04-05,3.0,1,Mumbai,Review,4
100199,bob,bob,50,Male,Sales,Manager,70000.0,2018-04-05,28.0,5,Mumbai,Active,4
100200,frank,frank,50,Male,HR,Manager,50000.0,2018-04-05,28.0,2,Hyderabad,Active,3
100201,frank,frank,35,Male,Finance,Analyst,65000.0,2018-04-05,13.0,3,Bengaluru,Active,2
100202,alice,alice,50,Male,IT,Clerk,50000.0,2018-04-05,28.0,1,Chennai,Review,1
100203,ivy,ivy,35,Male,IT,Analyst,55000.0,2018-04-05,13.0,4,Chennai,Active,1
100204,frank,frank,35,Male,Finance,Director,65000.0,2018-04-05,13.0,4,Bengaluru,Active,2
100205,charlie,charlie,35,Other,IT,Manager,70000.0,2018-04-05,13.0,5,Chennai,Active,1
100206,david,david,40,Male,HR,Assistant,55000.0,2018-04-05,18.0,3,Hyderabad,Active,3
100207,david,david,40,Female,HR,Manager,65000.0,2018-04-05,18.0,2,Hyderabad,Active,3
100208,charlie,charlie,35,Male,Finance,Assistant,55000.0,2018-04-05,13.0,4,Bengaluru,Active,2
100209,jack,jack,40,Male,IT,Director,65000.0,2018-04-05,18.0,5,Chennai,Active,1
100210,charlie,charlie,35,Other,HR,Director,70000.0,2018-04-05,13.0,3,Hyderabad,Active,3
100211,charlie,charlie,50,Other,HR,Manager,50000.0,2018-04-05,28.0,3,Hyderabad,Active,3
100212,david,david,35,Female,Marketing,Assistant,50000.0,2018-04-05,13.0,5,Pune,Active,5
100213,grace,grace,40,Female,Marketing,Director,65000.0,2018-04-05,18.0,5,Pune,Active,5
100214,david,david,35,Other,HR,Analyst,65000.0,2018-04-05,13.0,2,Hyderabad,Active,3
100215,ivy,ivy,35,Other,Finance,Analyst,65000.0,2018-04-05,13.0,5,Bengaluru,Active,2
100216,alice,alice,25,Male,Sales,Assistant,65000.0,2018-04-05,3.0,2,Mumbai,Active,4
100217,hannah,hannah,50,Other,Sales,Manager,65000.0,2018-04-05,28.0,2,Mumbai,Active,4
100218,grace,grace,35,Female,HR,Director,55000.0,2018-04-05,13.0,1,Hyderabad,Review,3
100219,bob,bob,25,Male,HR,Manager,65000.0,2018-04-05,3.0,3,Hyderabad,Active,3
100220,hannah,hannah,40,Female,HR,Analyst,55000.0,2018-04-05,18.0,3,Hyderabad,Active,3
100221,alice,alice,25,Male,Finance,Director,70000.0,2018-04-05,3.0,3,Bengaluru,Active,2
100222,ivy,ivy,50,Other,Marketing,Manager,65000.0,2018-04-05,28.0,1,Pune,Review,5
100223,ivy,ivy,35,Female,HR,Clerk,65000.0,2018-04-05,13.0,2,Hyderabad,Active,3
100224,bob,bob,35,Male,HR,Assistant,70000.0,2018-04-05,13.0,2,Hyderabad,Active,3
100225,grace,grace,40,Male,IT,Assistant,50000.0,2018-04-05,18.0,5,Chennai,Active,1
100226,jack,jack,35,Other,Finance,Clerk,65000.0,2018-04-05,13.0,1,Bengaluru,Review,2
100227,charlie,charlie,50,Other,HR,Analyst,65000.0,2018-04-05,28.0,5,Hyderabad,Active,3
100228,grace,grace,40,Other,IT,Director,50000.0,2018-04-05,18.0,1,Chennai,Review,1
100229,jack,jack,35,Female,Sales,Assistant,50000.0,2018-04-05,13.0,5,Mumbai,Active,4
100230,ivy,ivy,25,Male,HR,Clerk,65000.0,2018-04-05,3.0,4,Hyderabad,Active,3
100231,david,david,50,Other,HR,Clerk,65000.0,2018-04-05,28.0,3,Hyderabad,Active,3
100232,alice,alice,35,Female,IT,Analyst,50000.0,2018-04-05,13.0,3,Chennai,Active,1
100233,bob,bob,35,Female,Finance,Analyst,65000.0,2018-04-05,13.0,2,Bengaluru,Active,2
100234,alice,alice,35,Female,HR,Manager,70000.0,2018-04-05,13.0,4,Hyderabad,Active,3
100235,eve,eve,40,Other,Sales,Assistant,50000.0,2018-04-05,18.0,3,Mumbai,Active,4
100236,eve,eve,25,Other,HR,Manager,65000.0,2018-04-05,3.0,2,Hyderabad,Active,3
100237,grace,grace,40,Male,Sales,Clerk,55000.0,2018-04-05,18.0,4,Mumbai,Active,4
100238,ivy,ivy,35,Male,Marketing,Director,65000.0,2018-04-05,13.0,3,Pune,Active,5
100239,ivy,ivy,40,Other,Marketing,Director,70000.0,2018-04-05,18.0,5,Pune,Active,5
100240,charlie,charlie,25,Female,Sales,Analyst,65000.0,2018-04-05,3.0,1,Mumbai,Review,4
100241,charlie,charlie,35,Female,Finance,Director,65000.0,2018-04-05,13.0,4,Bengaluru,Active,2
100242,charlie,charlie,40,Female,HR,Director,70000.0,2018-04-05,18.0,2,Hyderabad,Active,3
100243,david,david,35,Male,HR,Director,65000.0,2018-04-05,13.0,4,Hyderabad,Active,3
100244,hannah,hannah,50,Female,Marketing,Clerk,55000.0,2018-04-05,28.0,2,Pune,Active,5
100245,frank,frank,35,Male,Sales,Director,65000.0,2018-04-05,13.0,4,Mumbai,Active,4
100246,hannah,hannah,50,Male,HR,Director,65000.0,2018-04-05,28.0,2,Hyderabad,Active,3
100247,alice,alice,35,Female,HR,Director,65000.0,2018-04-05,13.0,3,Hyderabad,Active,3
100248,hannah,hannah,35,Female,Finance,Manager,70000.0,2018-04-05,13.0,5,Bengaluru,Active,2
100249,david,david,50,Other,IT,Clerk,55000.0,2018-04-05,28.0,3,Chennai,Active,1
100250,alice,alice,35,Other,Marketing,Analyst,65000.0,2018-04-05,13.0,5,Pune,Active,5
100251,hannah,hannah,25,Female,Marketing,Manager,65000.0,2018-04-05,3.0,3,Pune,Active,5
100252,david,david,35,Male,IT,Assistant,65000.0,2018-04-05,13.0,3,Chennai,Active,1
100253,frank,frank,40,Male,HR,Clerk,55000.0,2018-04-05,18.0,4,Hyderabad,Active,3
100254,hannah,hannah,35,Male,Finance,Clerk,65000.0,2018-04-05,13.0,1,Bengaluru,Review,2
100255,david,david,35,Male,Finance,Assistant,55000.0,2018-04-05,13.0,2,Bengaluru,Active,2
100256,charlie,charlie,35,Male,Marketing,Assistant,65000.0,2018-04-05,13.0,2,Pune,Active,5
100257,ivy,ivy,40,Other,Finance,Assistant,50000.0,2018-04-05,18.0,2,Bengaluru,Active,2
100258,charlie,charlie,40,Female,IT,Analyst,65000.0,2018-04-05,18.0,5,Chennai,Active,1
100259,ivy,ivy,35,Other,HR,Director,55000.0,2018-04-05,13.0,2,Hyderabad,Active,3
100260,bob,bob,35,Male,IT,Clerk,65000.0,2018-04-05,13.0,2,Chennai,Active,1
100261,bob,bob,35,Male,Sales,Director,65000.0,2018-04-05,13.0,4,Mumbai,Active,4
100262,bob,bob,25,Male,Marketing,Director,65000.0,2018-04-05,3.0,3,Pune,Active,5
100263,frank,frank,35,Male,Finance,Assistant,65000.0,2018-04-05,13.0,2,Bengaluru,Active,2
100264,charlie,charlie,35,Female,Sales,Analyst,55000.0,2018-04-05,13.0,1,Mumbai,Review,4
100265,ivy,ivy,50,Male,Finance,Manager,65000.0,2018-04-05,28.0,2,Bengaluru,Active,2
100266,david,david,35,Female,HR,Analyst,70000.0,2018-04-05,13.0,5,Hyderabad,Active,3
100267,alice,alice,50,Male,HR,Director,70000.0,2018-04-05,28.0,5,Hyderabad,Active,3
100268,david,david,50,Female,HR,Analyst,70000.0,2018-04-05,28.0,5,Hyderabad,Active,3
100269,alice,alice,40,Other,Finance,Assistant,50000.0,2018-04-05,18.0,2,Bengaluru,Active,2
100270,eve,eve,25,Male,Sales,Manager,55000.0,2018-04-05,3.0,4,Mumbai,Active,4
100271,david,david,35,Female,HR,Assistant,65000.0,2018-04-05,13.0,1,Hyderabad,Review,3
100272,hannah,hannah,35,Other,Sales,Manager,65000.0,2018-04-05,13.0,2,Mumbai,Active,4
100273,hannah,hannah,35,Male,Finance,Director,50000.0,2018-04-05,13.0,4,Bengaluru,Active,2
100274,grace,grace,35,Male,Sales,Manager,65000.0,2018-04-05,13.0,4,Mumbai,Active,4
100275,charlie,charlie,35,Male,Finance,Manager,50000.0,2018-04-05,13.0,2,Bengaluru,Active,2
100276,alice,alice,35,Female,Finance,Manager,65000.0,2018-04-05,13.0,2,Bengaluru,Active,2
100277,alice,alice,35,Female,Marketing,Analyst,65000.0,2018-04-05,13.0,4,Pune,Active,5
100278,charlie,charlie,25,Other,Finance,Analyst,65000.0,2018-04-05,3.0,4,Bengaluru,Active,2
100279,frank,frank,50,Female,Finance,Director,65000.0,2018-04-05,28.0,4,Bengaluru,Active,2
100280,grace,grace,35,Female,IT,Manager,70000.0,2018-04-05,13.0,2,Chennai,Active,1
100281,frank,frank,40,Male,HR,Clerk,65000.0,2018-04-05,18.0,4,Hyderabad,Active,3
100282,frank,frank,35,Male,Marketing,Director,65000.0,2018-04-05,13.0,5,Pune,Active,5
100283,frank,frank,35,Male,Marketing,Manager,65000.0,2018-04-05,13.0,2,Pune,Active,5
100284,charlie,charlie,25,Male,Marketing,Manager,70000.0,2018-04-05,3.0,5,Pune,Active,5
100285,frank,frank,35,Male,IT,Analyst,65000.0,2018-04-05,13.0,3,Chennai,Active,1
100286,hannah,hannah,35,Male,Finance,Director,65000.0,2018-04-05,13.0,2,Bengaluru,Active,2
100287,bob,bob,40,Male,HR,Manager,50000.0,2018-04-05,18.0,3,Hyderabad,Active,3
100288,eve,eve,25,Other,Sales,Manager,50000.0,2018-04-05,3.0,4,Mumbai,Active,4
100289,alice,alice,25,Other,Finance,Director,65000.0,2018-04-05,3.0,4,Bengaluru,Active,2
100290,alice,alice,25,Other,IT,Clerk,70000.0,2018-04-05,3.0,1,Chennai,Review,1
100291,eve,eve,25,Other,Finance,Director,65000.0,2018-04-05,3.0,4,Bengaluru,Active,2
100292,charlie,charlie,25,Male,Finance,Director,65000.0,2018-04-05,3.0,3,Bengaluru,Active,2
100293,david,david,40,Other,IT,Clerk,65000.0,2018-04-05,18.0,4,Chennai,Active,1
100294,charlie,charlie,35,Male,Marketing,Director,55000.0,2018-04-05,13.0,2,Pune,Active,5
100295,alice,alice,35,Other,Marketing,Manager,50000.0,2018-04-05,13.0,4,Pune,Active,5
100296,alice,alice,25,Female,HR,Director,70000.0,2018-04-05,3.0,1,Hyderabad,Review,3
100297,eve,eve,35,Other,HR,Clerk,65000.0,2018-04-05,13.0,4,Hyderabad,Active,3
100298,frank,frank,35,Other,Marketing,Assistant,65000.0,2018-04-05,13.0,3,Pune,Active,5
100299,charlie,charlie,35,Male,Sales,Director,65000.0,2018-04-05,13.0,3,Mumbai,Active,4
100300,ivy,ivy,40,Other,Finance,Analyst,55000.0,2018-04-05,18.0,4,Bengaluru,Active,2
100301,eve,eve,35,Female,Sales,Manager,70000.0,2018-04-05,13.0,3,Mumbai,Active,4
100302,hannah,hannah,35,Male,Finance,Manager,65000.0,2018-04-05,13.0,3,Bengaluru,Active,2
100303,alice,alice,35,Male,Marketing,Analyst,65000.0,2018-04-05,13.0,1,Pune,Review,5
100304,eve,eve,50,Other,HR,Analyst,50000.0,2018-04-05,28.0,2,Hyderabad,Active,3
100305,charlie,charlie,50,Male,HR,Director,55000.0,2018-04-05,28.0,1,Hyderabad,Review,3
100306,alice,alice,35,Male,Sales,Analyst,70000.0,2018-04-05,13.0,5,Mumbai,Active,4
100307,david,david,35,Male,HR,Assistant,55000.0,2018-04-05,13.0,1,Hyderabad,Review,3
100308,eve,eve,35,Male,Marketing,Clerk,50000.0,2018-04-05,13.0,4,Pune,Active,5
100309,grace,grace,40,Male,Sales,Analyst,70000.0,2018-04-05,18.0,2,Mumbai,Active,4
100310,alice,alice,35,Male,Finance,Analyst,55000.0,2018-04-05,13.0,4,Bengaluru,Active,2
100311,charlie,charlie,35,Female,HR,Assistant,65000.0,2018-04-05,13.0,5,Hyderabad,Active,3
100312,bob,bob,35,Other,IT,Manager,50000.0,2018-04-05,13.0,2,Chennai,Active,1
100313,ivy,ivy,25,Female,HR,Manager,50000.0,2018-04-05,3.0,3,Hyderabad,Active,3
100314,jack,jack,40,Male,Finance,Director,50000.0,2018-04-05,18.0,1,Bengaluru,Review,2
100315,frank,frank,25,Male,Sales,Assistant,65000.0,2018-04-05,3.0,4,Mumbai,Active,4
100316,jack,jack,35,Other,Finance,Clerk,65000.0,2018-04-05,13.0,5,Bengaluru,Active,2
100317,charlie,charlie,25,Female,IT,Clerk,65000.0,2018-04-05,3.0,3,Chennai,Active,1
100318,hannah,hannah,25,Other,Marketing,Assistant,65000.0,2018-04-05,3.0,1,Pune,Review,5
100319,hannah,hannah,35,Female,HR,Clerk,55000.0,2018-04-05,13.0,3,Hyderabad,Active,3
100320,bob,bob,50,Male,Sales,Manager,65000.0,2018-04-05,28.0,1,Mumbai,Review,4
100321,frank,frank,35,Other,Marketing,Clerk,55000.0,2018-04-05,13.0,2,Pune,Active,5
100322,grace,grace,40,Other,Finance,Clerk,65000.0,2018-04-05,18.0,3,Bengaluru,Active,2
100323,bob,bob,25,Male,Sales,Assistant,65000.0,2018-04-05,3.0,3,Mumbai,Active,4
100324,jack,jack,40,Other,Marketing,Assistant,65000.0,2018-04-05,18.0,3,Pune,Active,5
100325,bob,bob,50,Female,Sales,Clerk,65000.0,2018-04-05,28.0,2,Mumbai,Active,4
100326,jack,jack,50,Female,IT,Analyst,65000.0,2018-04-05,28.0,5,Chennai,Active,1
100327,alice,alice,25,Female,IT,Assistant,65000.0,2018-04-05,3.0,1,Chennai,Review,1
100328,hannah,hannah,35,Female,HR,Director,70000.0,2018-04-05,13.0,3,Hyderabad,Active,3
100329,alice,alice,25,Male,HR,Director,65000.0,2018-04-05,3.0,2,Hyderabad,Active,3
100330,ivy,ivy,35,Other,IT,Manager,55000.0,2018-04-05,13.0,5,Chennai,Active,1
100331,frank,frank,35,Female,Sales,Clerk,65000.0,2018-04-05,13.0,1,Mumbai,Review,4
100332,grace,grace,35,Male,IT,Analyst,50000.0,2018-04-05,13.0,2,Chennai,Active,1
100333,jack,jack,25,Other,HR,Manager,55000.0,2018-04-05,3.0,1,Hyderabad,Review,3
100334,grace,grace,40,Other,IT,Clerk,65000.0,2018-04-05,18.0,3,Chennai,Active,1
100335,jack,jack,35,Male,IT,Assistant,55000.0,2018-04-05,13.0,5,Chennai,Active,1
100336,charlie,charlie,35,Male,Sales,Director,70000.0,2018-04-05,13.0,2,Mumbai,Active,4
100337,bob,bob,25,Female,Marketing,Analyst,65000.0,2018-04-05,3.0,5,Pune,Active,5
100338,ivy,ivy,35,Other,HR,Director,65000.0,2018-04-05,13.0,3,Hyderabad,Active,3
100339,hannah,hannah,40,Other,Sales,Assistant,55000.0,2018-04-05,18.0,5,Mumbai,Active,4
100340,jack,jack,50,Male,IT,Clerk,65000.0,2018-04-05,28.0,5,Chennai,Active,1
100341,grace,grace,35,Other,IT,Assistant,65000.0,2018-04-05,13.0,4,Chennai,Active,1
100342,ivy,ivy,50,Female,Marketing,Assistant,65000.0,2018-04-05,28.0,5,Pune,Active,5
100343,david,david,40,Other,HR,Director,65000.0,2018-04-05,18.0,1,Hyderabad,Review,3
100344,david,david,25,Male,HR,Analyst,65000.0,2018-04-05,3.0,2,Hyderabad,Active,3
100345,alice,alice,35,Male,Finance,Assistant,65000.0,2018-04-05,13.0,4,Bengaluru,Active,2
100346,hannah,hannah,35,Female,HR,Director,50000.0,2018-04-05,13.0,2,Hyderabad,Active,3
100347,charlie,charlie,35,Female,Marketing,Analyst,70000.0,2018-04-05,13.0,2,Pune,Active,5
100348,grace,grace,40,Other,Finance,Clerk,65000.0,2018-04-05,18.0,3,Bengaluru,Active,2
100349,bob,bob,35,Other,Finance,Clerk,55000.0,2018-04-05,13.0,3,Bengaluru,Active,2
100350,bob,bob,50,Male,IT,Manager,65000.0,2018-04-05,28.0,4,Chennai,Active,1
100351,grace,grace,35,Female,IT,Director,55000.0,2018-04-05,13.0,3,Chennai,Active,1
100352,frank,frank,35,Female,HR,Analyst,65000.0,2018-04-05,13.0,3,Hyderabad,Active,3
100353,charlie,charlie,35,Female,Finance,Assistant,55000.0,2018-04-05,13.0,3,Bengaluru,Active,2
100354,ivy,ivy,35,Other,IT,Clerk,65000.0,2018-04-05,13.0,2,Chennai,Active,1
100355,jack,jack,35,Female,Marketing,Analyst,65000.0,2018-04-05,13.0,4,Pune,Active,5
100356,frank,frank,25,Male,IT,Director,55000.0,2018-04-05,3.0,2,Chennai,Active,1
100357,jack,jack,50,Male,IT,Manager,55000.0,2018-04-05,28.0,1,Chennai,Review,1
100358,jack,jack,35,Other,Finance,Clerk,50000.0,2018-04-05,13.0,2,Bengaluru,Active,2
100359,frank,frank,35,Other,Finance,Analyst,55000.0,2018-04-05,13.0,1,Bengaluru,Review,2
100360,alice,alice,35,Female,Sales,Analyst,50000.0,2018-04-05,13.0,5,Mumbai,Active,4
100361,david,david,40,Other,Marketing,Analyst,70000.0,2018-04-05,18.0,5,Pune,Active,5
100362,jack,jack,35,Male,Finance,Director,65000.0,2018-04-05,13.0,1,Bengaluru,Review,2
100363,frank,frank,35,Female,HR,Director,50000.0,2018-04-05,13.0,1,Hyderabad,Review,3
100364,frank,frank,40,Male,Marketing,Director,65000.0,2018-04-05,18.0,2,Pune,Active,5
100365,eve,eve,35,Female,Marketing,Assistant,65000.0,2018-04-05,13.0,1,Pune,Review,5
100366,alice,alice,35,Other,Finance,Analyst,50000.0,2018-04-05,13.0,4,Bengaluru,Active,2
100367,hannah,hannah,35,Female,Marketing,Clerk,65000.0,2018-04-05,13.0,5,Pune,Active,5
100368,eve,eve,25,Female,Finance,Director,65000.0,2018-04-05,3.0,5,Bengaluru,Active,2
100369,eve,eve,35,Male,IT,Director,65000.0,2018-04-05,13.0,1,Chennai,Review,1
100370,grace,grace,40,Male,Sales,Analyst,70000.0,2018-04-05,18.0,3,Mumbai,Active,4
100371,david,david,50,Female,IT,Director,65000.0,2018-04-05,28.0,3,Chennai,Active,1
100372,frank,frank,25,Other,Finance,Assistant,65000.0,2018-04-05,3.0,1,Bengaluru,Review,2
100373,david,david,40,Other,Finance,Assistant,65000.0,2018-04-05,18.0,4,Bengaluru,Active,2
100374,charlie,charlie,35,Male,IT,Director,50000.0,2018-04-05,13.0,3,Chennai,Active,1
100375,grace,grace,25,Other,HR,Analyst,65000.0,2018-04-05,3.0,1,Hyderabad,Review,3
100376,hannah,hannah,40,Male,HR,Analyst,50000.0,2018-04-05,18.0,4,Hyderabad,Active,3
100377,david,david,35,Other,HR,Analyst,70000.0,2018-04-05,13.0,4,Hyderabad,Active,3
100378,bob,bob,35,Female,Finance,Manager,70000.0,2018-04-05,13.0,2,Bengaluru,Active,2
100379,jack,jack,50,Male,Marketing,Director,55000.0,2018-04-05,28.0,4,Pune,Active,5
100380,charlie,charlie,35,Male,Finance,Analyst,70000.0,2018-04-05,13.0,3,Bengaluru,Active,2
100381,alice,alice,35,Female,Marketing,Assistant,55000.0,2018-04-05,13.0,3,Pune,Active,5
100382,hannah,hannah,35,Male,IT,Clerk,65000.0,2018-04-05,13.0,1,Chennai,Review,1
100383,charlie,charlie,35,Other,Sales,Clerk,50000.0,2018-04-05,13.0,1,Mumbai,Review,4
100384,jack,jack,50,Other,Marketing,Analyst,65000.0,2018-04-05,28.0,4,Pune,Active,5
100385,grace,grace,35,Male,HR,Clerk,70000.0,2018-04-05,13.0,5,Hyderabad,Active,3
100386,jack,jack,40,Other,Finance,Clerk,65000.0,2018-04-05,18.0,2,Bengaluru,Active,2
100387,eve,eve,40,Male,IT,Manager,65000.0,2018-04-05,18.0,5,Chennai,Active,1
100388,jack,jack,35,Female,HR,Assistant,65000.0,2018-04-05,13.0,4,Hyderabad,Active,3
100389,eve,eve,35,Male,IT,Assistant,70000.0,2018-04-05,13.0,4,Chennai,Active,1
100390,grace,grace,35,Female,Sales,Manager,65000.0,2018-04-05,13.0,5,Mumbai,Active,4
100391,ivy,ivy,50,Other,Finance,Manager,65000.0,2018-04-05,28.0,2,Bengaluru,Active,2
100392,eve,eve,35,Female,Finance,Clerk,55000.0,2018-04-05,13.0,5,Bengaluru,Active,2
100393,alice,alice,40,Other,Sales,Director,70000.0,2018-04-05,18.0,1,Mumbai,Review,4
100394,jack,jack,50,Male,Finance,Clerk,65000.0,2018-04-05,28.0,3,Bengaluru,Active,2
100395,jack,jack,25,Other,Marketing,Manager,65000.0,2018-04-05,3.0,1,Pune,Review,5
100396,alice,alice,40,Male,IT,Assistant,70000.0,2018-04-05,18.0,3,Chennai,Active,1
100397,bob,bob,50,Male,HR,Clerk,65000.0,2018-04-05,28.0,4,Hyderabad,Active,3
100398,frank,frank,40,Female,Sales,Director,65000.0,2018-04-05,18.0,2,Mumbai,Active,4
100399,ivy,ivy,35,Female,Marketing,Clerk,55000.0,2018-04-05,13.0,5,Pune,Active,5
100400,hannah,hannah,25,Female,HR,Analyst,65000.0,2018-04-05,3.0,2,Hyderabad,Active,3
100401,eve,eve,35,Female,HR,Clerk,65000.0,2018-04-05,13.0,5,Hyderabad,Active,3
100402,alice,alice,25,Other,Sales,Manager,65000.0,2018-04-05,3.0,1,Mumbai,Review,4
100403,grace,grace,35,Other,Marketing,Assistant,70000.0,2018-04-05,13.0,1,Pune,Review,5
100404,eve,eve,50,Other,HR,Assistant,65000.0,2018-04-05,28.0,5,Hyderabad,Active,3
100405,frank,frank,25,Male,HR,Manager,55000.0,2018-04-05,3.0,2,Hyderabad,Active,3
100406,grace,grace,35,Other,Marketing,Analyst,55000.0,2018-04-05,13.0,5,Pune,Active,5
100407,charlie,charlie,40,Other,Finance,Manager,50000.0,2018-04-05,18.0,4,Bengaluru,Active,2
100408,jack,jack,25,Other,HR,Clerk,55000.0,2018-04-05,3.0,1,Hyderabad,Review,3
100409,charlie,charlie,50,Female,IT,Manager,65000.0,2018-04-05,28.0,4,Chennai,Active,1
100410,eve,eve,25,Other,Marketing,Manager,65000.0,2018-04-05,3.0,1,Pune,Review,5
100411,frank,frank,35,Male,HR,Analyst,55000.0,2018-04-05,13.0,1,Hyderabad,Review,3
100412,ivy,ivy,40,Female,Sales,Clerk,70000.0,2018-04-05,18.0,3,Mumbai,Active,4
100413,eve,eve,50,Male,IT,Director,50000.0,2018-04-05,28.0,4,Chennai,Active,1
100414,alice,alice,50,Other,HR,Director,65000.0,2018-04-05,28.0,4,Hyderabad,Active,3
100415,david,david,35,Female,IT,Assistant,50000.0,2018-04-05,13.0,3,Chennai,Active,1
100416,eve,eve,35,Male,IT,Manager,65000.0,2018-04-05,13.0,2,Chennai,Active,1
100417,jack,jack,35,Other,Finance,Assistant,70000.0,2018-04-05,13.0,4,Bengaluru,Active,2
100418,jack,jack,50,Male,IT,Analyst,50000.0,2018-04-05,28.0,5,Chennai,Active,1
100419,eve,eve,40,Male,Finance,Director,65000.0,2018-04-05,18.0,3,Bengaluru,Active,2
100420,grace,grace,25,Male,Marketing,Manager,65000.0,2018-04-05,3.0,4,Pune,Active,5
100421,david,david,25,Other,Finance,Analyst,65000.0,2018-04-05,3.0,2,Bengaluru,Active,2
100422,alice,alice,40,Other,Sales,Analyst,65000.0,2018-04-05,18.0,4,Mumbai,Active,4
100423,eve,eve,50,Male,HR,Manager,65000.0,2018-04-05,28.0,1,Hyderabad,Review,3
100424,grace,grace,25,Female,Marketing,Analyst,50000.0,2018-04-05,3.0,5,Pune,Active,5
100425,jack,jack,25,Female,Marketing,Manager,65000.0,2018-04-05,3.0,3,Pune,Active,5
100426,jack,jack,25,Other,Sales,Manager,65000.0,2018-04-05,3.0,1,Mumbai,Review,4
100427,frank,frank,35,Other,Finance,Clerk,50000.0,2018-04-05,13.0,2,Bengaluru,Active,2
100428,eve,eve,35,Other,HR,Assistant,70000.0,2018-04-05,13.0,1,Hyderabad,Review,3
100429,david,david,35,Other,Finance,Analyst,65000.0,2018-04-05,13.0,1,Bengaluru,Review,2
100430,bob,bob,35,Other,IT,Analyst,65000.0,2018-04-05,13.0,2,Chennai,Active,1
100431,david,david,40,Female,Finance,Clerk,70000.0,2018-04-05,18.0,1,Bengaluru,Review,2
100432,jack,jack,40,Other,Marketing,Clerk,65000.0,2018-04-05,18.0,3,Pune,Active,5
100433,jack,jack,40,Male,HR,Clerk,65000.0,2018-04-05,18.0,4,Hyderabad,Active,3
100434,charlie,charlie,35,Male,Finance,Director,65000.0,2018-04-05,13.0,1,Bengaluru,Review,2
100435,jack,jack,35,Female,HR,Director,65000.0,2018-04-05,13.0,3,Hyderabad,Active,3
100436,alice,alice,50,Male,HR,Director,55000.0,2018-04-05,28.0,4,Hyderabad,Active,3
100437,hannah,hannah,50,Female,IT,Manager,70000.0,2018-04-05,28.0,4,Chennai,Active,1
100438,eve,eve,35,Female,IT,Analyst,65000.0,2018-04-05,13.0,1,Chennai,Review,1
100439,david,david,50,Male,Marketing,Assistant,65000.0,2018-04-05,28.0,3,Pune,Active,5
100440,hannah,hannah,40,Other,Sales,Manager,70000.0,2018-04-05,18.0,1,Mumbai,Review,4
100441,grace,grace,35,Male,HR,Analyst,65000.0,2018-04-05,13.0,2,Hyderabad,Active,3
100442,bob,bob,25,Male,Sales,Analyst,65000.0,2018-04-05,3.0,4,Mumbai,Active,4
100443,alice,alice,35,Female,Marketing,Clerk,65000.0,2018-04-05,13.0,1,Pune,Review,5
100444,david,david,35,Male,HR,Clerk,65000.0,2018-04-05,13.0,4,Hyderabad,Active,3
100445,hannah,hannah,35,Female,HR,Manager,65000.0,2018-04-05,13.0,3,Hyderabad,Active,3
100446,bob,bob,35,Other,Sales,Clerk,70000.0,2018-04-05,13.0,5,Mumbai,Active,4
100447,charlie,charlie,40,Other,Finance,Analyst,70000.0,2018-04-05,18.0,1,Bengaluru,Review,2
100448,alice,alice,50,Other,IT,Clerk,65000.0,2018-04-05,28.0,1,Chennai,Review,1
100449,alice,alice,40,Male,Finance,Director,70000.0,2018-04-05,18.0,4,Bengaluru,Active,2
100450,charlie,charlie,35,Female,Sales,Clerk,65000.0,2018-04-05,13.0,3,Mumbai,Active,4
100451,eve,eve,40,Other,IT,Analyst,55000.0,2018-04-05,18.0,2,Chennai,Active,1
100452,charlie,charlie,50,Female,Finance,Manager,65000.0,2018-04-05,28.0,3,Bengaluru,Active,2
100453,alice,alice,35,Female,IT,Assistant,65000.0,2018-04-05,13.0,1,Chennai,Review,1
100454,alice,alice,35,Other,HR,Clerk,70000.0,2018-04-05,13.0,2,Hyderabad,Active,3
100455,hannah,hannah,35,Other,Finance,Analyst,65000.0,2018-04-05,13.0,3,Bengaluru,Active,2
100456,jack,jack,25,Female,IT,Assistant,65000.0,2018-04-05,3.0,5,Chennai,Active,1
100457,bob,bob,35,Other,IT,Assistant,70000.0,2018-04-05,13.0,4,Chennai,Active,1
100458,charlie,charlie,25,Female,IT,Director,55000.0,2018-04-05,3.0,3,Chennai,Active,1
100459,bob,bob,25,Female,Finance,Assistant,55000.0,2018-04-05,3.0,3,Bengaluru,Active,2
100460,charlie,charlie,35,Other,Marketing,Analyst,70000.0,2018-04-05,13.0,5,Pune,Active,5
100461,grace,grace,35,Male,Finance,Analyst,50000.0,2018-04-05,13.0,1,Bengaluru,Review,2
100462,alice,alice,50,Other,Sales,Clerk,70000.0,2018-04-05,28.0,4,Mumbai,Active,4
100463,jack,jack,40,Male,Finance,Clerk,70000.0,2018-04-05,18.0,3,Bengaluru,Active,2
100464,hannah,hannah,40,Female,IT,Clerk,55000.0,2018-04-05,18.0,2,Chennai,Active,1
100465,jack,jack,50,Female,HR,Assistant,55000.0,2018-04-05,28.0,3,Hyderabad,Active,3
100466,jack,jack,25,Male,Finance,Assistant,70000.0,2018-04-05,3.0,4,Bengaluru,Active,2
100467,jack,jack,25,Female,Finance,Director,70000.0,2018-04-05,3.0,3,Bengaluru,Active,2
100468,bob,bob,35,Male,IT,Clerk,70000.0,2018-04-05,13.0,5,Chennai,Active,1
100469,charlie,charlie,35,Male,HR,Manager,55000.0,2018-04-05,13.0,3,Hyderabad,Active,3
100470,ivy,ivy,35,Female,HR,Director,70000.0,2018-04-05,13.0,3,Hyderabad,Active,3
100471,grace,grace,25,Male,Sales,Manager,70000.0,2018-04-05,3.0,2,Mumbai,Active,4
100472,david,david,40,Other,Finance,Assistant,65000.0,2018-04-05,18.0,5,Bengaluru,Active,2
100473,jack,jack,35,Other,HR,Director,50000.0,2018-04-05,13.0,5,Hyderabad,Active,3
100474,eve,eve,35,Female,HR,Director,65000.0,2018-04-05,13.0,3,Hyderabad,Active,3
100475,bob,bob,35,Female,Marketing,Analyst,50000.0,2018-04-05,13.0,2,Pune,Active,5
100476,hannah,hannah,35,Male,Marketing,Assistant,65000.0,2018-04-05,13.0,3,Pune,Active,5
100477,david,david,35,Male,HR,Assistant,65000.0,2018-04-05,13.0,3,Hyderabad,Active,3
100478,ivy,ivy,50,Male,Sales,Director,70000.0,2018-04-05,28.0,4,Mumbai,Active,4
100479,eve,eve,25,Male,HR,Assistant,65000.0,2018-04-05,3.0,4,Hyderabad,Active,3
100480,ivy,ivy,35,Other,IT,Director,70000.0,2018-04-05,13.0,2,Chennai,Active,1
100481,david,david,35,Other,Finance,Analyst,55000.0,2018-04-05,13.0,1,Bengaluru,Review,2
100482,jack,jack,50,Female,Sales,Director,65000.0,2018-04-05,28.0,4,Mumbai,Active,4
100483,eve,eve,40,Male,IT,Assistant,65000.0,2018-04-05,18.0,1,Chennai,Review,1
100484,ivy,ivy,40,Male,Sales,Assistant,55000.0,2018-04-05,18.0,5,Mumbai,Active,4
100485,hannah,hannah,25,Female,IT,Director,65000.0,2018-04-05,3.0,4,Chennai,Active,1
100486,charlie,charlie,25,Male,Finance,Director,65000.0,2018-04-05,3.0,4,Bengaluru,Active,2
100487,alice,alice,35,Male,Finance,Director,55000.0,2018-04-05,13.0,2,Bengaluru,Active,2
100488,charlie,charlie,50,Male,Marketing,Clerk,65000.0,2018-04-05,28.0,1,Pune,Review,5
100489,david,david,40,Male,IT,Assistant,50000.0,2018-04-05,18.0,4,Chennai,Active,1
100490,bob,bob,35,Male,Marketing,Assistant,70000.0,2018-04-05,13.0,4,Pune,Active,5
100491,alice,alice,35,Female,IT,Clerk,65000.0,2018-04-05,13.0,2,Chennai,Active,1
100492,grace,grace,25,Male,Marketing,Director,70000.0,2018-04-05,3.0,2,Pune,Active,5
100493,hannah,hannah,35,Female,Finance,Analyst,65000.0,2018-04-05,13.0,1,Bengaluru,Review,2
100494,grace,grace,35,Male,Sales,Director,55000.0,2018-04-05,13.0,5,Mumbai,Active,4
100495,eve,eve,35,Other,Marketing,Director,70000.0,2018-04-05,13.0,5,Pune,Active,5
100496,alice,alice,40,Other,IT,Clerk,55000.0,2018-04-05,18.0,3,Chennai,Active,1
100497,grace,grace,25,Other,IT,Assistant,70000.0,2018-04-05,3.0,4,Chennai,Active,1
100498,grace,grace,35,Other,Finance,Director,50000.0,2018-04-05,13.0,1,Bengaluru,Review,2
100499,ivy,ivy,25,Female,IT,Assistant,50000.0,2018-04-05,3.0,4,Chennai,Active,1
100500,charlie,charlie,35,Female,HR,Manager,50000.0,2018-04-05,13.0,1,Hyderabad,Review,3
100501,ivy,ivy,35,Male,Sales,Assistant,50000.0,2018-04-05,13.0,1,Mumbai,Review,4
100502,alice,alice,35,Other,Marketing,Analyst,50000.0,2018-04-05,13.0,1,Pune,Review,5
100503,alice,alice,25,Female,Sales,Analyst,50000.0,2018-04-05,3.0,4,Mumbai,Active,4
100504,david,david,25,Male,Finance,Director,55000.0,2018-04-05,3.0,2,Bengaluru,Active,2
100505,ivy,ivy,40,Male,Marketing,Assistant,65000.0,2018-04-05,18.0,4,Pune,Active,5
100506,frank,frank,35,Female,Marketing,Director,70000.0,2018-04-05,13.0,1,Pune,Review,5
100507,charlie,charlie,35,Other,HR,Clerk,50000.0,2018-04-05,13.0,3,Hyderabad,Active,3
100508,alice,alice,35,Male,Finance,Analyst,55000.0,2018-04-05,13.0,5,Bengaluru,Active,2
100509,david,david,35,Other,IT,Director,55000.0,2018-04-05,13.0,1,Chennai,Review,1
100510,ivy,ivy,50,Other,HR,Clerk,55000.0,2018-04-05,28.0,3,Hyderabad,Active,3
100511,charlie,charlie,35,Other,HR,Director,65000.0,2018-04-05,13.0,2,Hyderabad,Active,3
100512,ivy,ivy,40,Male,Sales,Assistant,70000.0,2018-04-05,18.0,1,Mumbai,Review,4
100513,grace,grace,35,Other,Sales,Assistant,65000.0,2018-04-05,13.0,3,Mumbai,Active,4
100514,david,david,35,Male,Sales,Assistant,65000.0,2018-04-05,13.0,1,Mumbai,Review,4
100515,charlie,charlie,50,Other,HR,Assistant,55000.0,2018-04-05,28.0,4,Hyderabad,Active,3
100516,jack,jack,40,Male,IT,Manager,65000.0,2018-04-05,18.0,3,Chennai,Active,1
100517,eve,eve,35,Other,Marketing,Clerk,65000.0,2018-04-05,13.0,4,Pune,Active,5
100518,eve,eve,40,Female,Sales,Clerk,50000.0,2018-04-05,18.0,4,Mumbai,Active,4
100519,charlie,charlie,35,Other,IT,Assistant,50000.0,2018-04-05,13.0,3,Chennai,Active,1
100520,ivy,ivy,40,Other,Finance,Manager,65000.0,2018-04-05,18.0,5,Bengaluru,Active,2
100521,david,david,40,Male,Sales,Assistant,70000.0,2018-04-05,18.0,3,Mumbai,Active,4
100522,eve,eve,25,Male,Marketing,Manager,65000.0,2018-04-05,3.0,5,Pune,Active,5
100523,david,david,35,Other,Finance,Assistant,70000.0,2018-04-05,13.0,1,Bengaluru,Review,2
100524,eve,eve,40,Female,Finance,Analyst,65000.0,2018-04-05,18.0,1,Bengaluru,Review,2
100525,grace,grace,50,Female,Marketing,Analyst,50000.0,2018-04-05,28.0,3,Pune,Active,5
100526,ivy,ivy,40,Male,Sales,Director,70000.0,2018-04-05,18.0,1,Mumbai,Review,4
100527,grace,grace,35,Female,HR,Assistant,70000.0,2018-04-05,13.0,2,Hyderabad,Active,3
100528,eve,eve,35,Other,Marketing,Clerk,50000.0,2018-04-05,13.0,4,Pune,Active,5
100529,jack,jack,35,Male,Marketing,Director,65000.0,2018-04-05,13.0,4,Pune,Active,5
100530,jack,jack,35,Other,Marketing,Analyst,50000.0,2018-04-05,13.0,5,Pune,Active,5
100531,grace,grace,35,Male,Finance,Assistant,70000.0,2018-04-05,13.0,1,Bengaluru,Review,2
100532,jack,jack,40,Male,IT,Director,65000.0,2018-04-05,18.0,5,Chennai,Active,1
100533,eve,eve,40,Male,HR,Assistant,65000.0,2018-04-05,18.0,4,Hyderabad,Active,3
100534,charlie,charlie,25,Male,Sales,Analyst,50000.0,2018-04-05,3.0,4,Mumbai,Active,4
100535,grace,grace,50,Female,Sales,Director,70000.0,2018-04-05,28.0,1,Mumbai,Review,4
100536,bob,bob,35,Other,IT,Analyst,65000.0,2018-04-05,13.0,2,Chennai,Active,1
100537,ivy,ivy,35,Other,Marketing,Manager,70000.0,2018-04-05,13.0,2,Pune,Active,5
100538,jack,jack,25,Other,HR,Analyst,55000.0,2018-04-05,3.0,1,Hyderabad,Review,3
100539,jack,jack,35,Male,Sales,Assistant,65000.0,2018-04-05,13.0,1,Mumbai,Review,4
100540,alice,alice,35,Female,Sales,Clerk,65000.0,2018-04-05,13.0,5,Mumbai,Active,4
100541,frank,frank,25,Other,Marketing,Analyst,65000.0,2018-04-05,3.0,1,Pune,Review,5
100542,grace,grace,40,Female,IT,Clerk,65000.0,2018-04-05,18.0,2,Chennai,Active,1
100543,hannah,hannah,35,Male,HR,Manager,65000.0,2018-04-05,13.0,1,Hyderabad,Review,3
100544,jack,jack,40,Other,IT,Director,65000.0,2018-04-05,18.0,5,Chennai,Active,1
100545,ivy,ivy,25,Female,IT,Director,65000.0,2018-04-05,3.0,5,Chennai,Active,1
100546,bob,bob,40,Male,HR,Clerk,65000.0,2018-04-05,18.0,5,Hyderabad,Active,3
100547,jack,jack,35,Female,HR,Director,65000.0,2018-04-05,13.0,5,Hyderabad,Active,3
100548,bob,bob,35,Other,Sales,Analyst,55000.0,2018-04-05,13.0,3,Mumbai,Active,4
100549,eve,eve,35,Other,Sales,Clerk,70000.0,2018-04-05,13.0,1,Mumbai,Review,4
100550,eve,eve,50,Male,HR,Assistant,70000.0,2018-04-05,28.0,4,Hyderabad,Active,3
100551,frank,frank,35,Male,Finance,Analyst,65000.0,2018-04-05,13.0,1,Bengaluru,Review,2
100552,charlie,charlie,40,Male,Sales,Analyst,65000.0,2018-04-05,18.0,3,Mumbai,Active,4
100553,hannah,hannah,35,Female,Finance,Analyst,55000.0,2018-04-05,13.0,5,Bengaluru,Active,2
100554,alice,alice,40,Female,HR,Assistant,65000.0,2018-04-05,18.0,3,Hyderabad,Active,3
100555,frank,frank,35,Female,Sales,Manager,65000.0,2018-04-05,13.0,2,Mumbai,Active,4
100556,david,david,25,Male,IT,Director,50000.0,2018-04-05,3.0,2,Chennai,Active,1
100557,alice,alice,35,Other,HR,Clerk,50000.0,2018-04-05,13.0,1,Hyderabad,Review,3
100558,grace,grace,35,Other,Marketing,Manager,50000.0,2018-04-05,13.0,1,Pune,Review,5
100559,ivy,ivy,35,Female,Finance,Clerk,55000.0,2018-04-05,13.0,4,Bengaluru,Active,2
100560,david,david,35,Female,HR,Director,55000.0,2018-04-05,13.0,4,Hyderabad,Active,3
100561,david,david,40,Other,HR,Assistant,65000.0,2018-04-05,18.0,2,Hyderabad,Active,3
100562,frank,frank,50,Other,Sales,Analyst,50000.0,2018-04-05,28.0,5,Mumbai,Active,4
100563,charlie,charlie,35,Female,Sales,Analyst,65000.0,2018-04-05,13.0,3,Mumbai,Active,4
100564,frank,frank,35,Female,Sales,Assistant,65000.0,2018-04-05,13.0,4,Mumbai,Active,4
100565,grace,grace,35,Other,Marketing,Manager,65000.0,2018-04-05,13.0,4,Pune,Active,5
100566,jack,jack,50,Male,Sales,Manager,65000.0,2018-04-05,28.0,5,Mumbai,Active,4
100567,jack,jack,40,Female,HR,Clerk,50000.0,2018-04-05,18.0,5,Hyderabad,Active,3
100568,charlie,charlie,40,Other,Sales,Assistant,50000.0,2018-04-05,18.0,1,Mumbai,Review,4
100569,grace,grace,35,Other,IT,Manager,50000.0,2018-04-05,13.0,3,Chennai,Active,1
100570,charlie,charlie,35,Other,Sales,Assistant,55000.0,2018-04-05,13.0,5,Mumbai,Active,4
100571,bob,bob,40,Other,Marketing,Director,65000.0,2018-04-05,18.0,4,Pune,Active,5
100572,jack,jack,50,Male,IT,Analyst,55000.0,2018-04-05,28.0,4,Chennai,Active,1
100573,david,david,35,Other,HR,Analyst,55000.0,2018-04-05,13.0,2,Hyderabad,Active,3
100574,hannah,hannah,25,Female,HR,Analyst,70000.0,2018-04-05,3.0,5,Hyderabad,Active,3
100575,ivy,ivy,25,Male,Finance,Assistant,65000.0,2018-04-05,3.0,1,Bengaluru,Review,2
100576,grace,grace,25,Other,IT,Assistant,65000.0,2018-04-05,3.0,3,Chennai,Active,1
100577,alice,alice,35,Male,Finance,Clerk,65000.0,2018-04-05,13.0,1,Bengaluru,Review,2
100578,charlie,charlie,35,Female,IT,Analyst,55000.0,2018-04-05,13.0,4,Chennai,Active,1
100579,ivy,ivy,40,Other,IT,Clerk,65000.0,2018-04-05,18.0,1,Chennai,Review,1
100580,alice,alice,35,Female,Marketing,Analyst,70000.0,2018-04-05,13.0,4,Pune,Active,5
100581,ivy,ivy,50,Other,Finance,Clerk,70000.0,2018-04-05,28.0,4,Bengaluru,Active,2
100582,hannah,hannah,35,Other,Marketing,Clerk,65000.0,2018-04-05,13.0,4,Pune,Active,5
100583,alice,alice,50,Other,IT,Director,55000.0,2018-04-05,28.0,4,Chennai,Active,1
100584,frank,frank,35,Other,HR,Clerk,65000.0,2018-04-05,13.0,4,Hyderabad,Active,3
100585,eve,eve,25,Other,IT,Assistant,55000.0,2018-04-05,3.0,2,Chennai,Active,1
100586,frank,frank,35,Male,Marketing,Clerk,50000.0,2018-04-05,13.0,1,Pune,Review,5
100587,jack,jack,35,Other,Finance,Analyst,55000.0,2018-04-05,13.0,2,Bengaluru,Active,2
100588,eve,eve,35,Other,Finance,Clerk,50000.0,2018-04-05,13.0,2,Bengaluru,Active,2
100589,frank,frank,50,Male,Marketing,Manager,50000.0,2018-04-05,28.0,5,Pune,Active,5
100590,eve,eve,40,Male,Finance,Analyst,65000.0,2018-04-05,18.0,5,Bengaluru,Active,2
100591,eve,eve,40,Male,Sales,Manager,65000.0,2018-04-05,18.0,5,Mumbai,Active,4
100592,david,david,50,Male,HR,Analyst,65000.0,2018-04-05,28.0,3,Hyderabad,Active,3
100593,charlie,charlie,35,Male,HR,Assistant,55000.0,2018-04-05,13.0,5,Hyderabad,Active,3
100594,charlie,charlie,35,Male,HR,Assistant,50000.0,2018-04-05,13.0,1,Hyderabad,Review,3
100595,david,david,35,Other,Finance,Assistant,55000.0,2018-04-05,13.0,2,Bengaluru,Active,2
100596,ivy,ivy,35,Other,Finance,Manager,65000.0,2018-04-05,13.0,1,Bengaluru,Review,2
100597,bob,bob,35,Female,IT,Director,65000.0,2018-04-05,13.0,5,Chennai,Active,1
100598,ivy,ivy,35,Other,IT,Analyst,65000.0,2018-04-05,13.0,3,Chennai,Active,1
100599,alice,alice,25,Other,HR,Assistant,65000.0,2018-04-05,3.0,3,Hyderabad,Active,3
100600,alice,alice,35,Male,Sales,Analyst,70000.0,2018-04-05,13.0,2,Mumbai,Active,4
100601,eve,eve,50,Male,IT,Manager,65000.0,2018-04-05,28.0,1,Chennai,Review,1
100602,frank,frank,25,Other,IT,Director,65000.0,2018-04-05,3.0,4,Chennai,Active,1
100603,frank,frank,35,Female,Finance,Manager,65000.0,2018-04-05,13.0,1,Bengaluru,Review,2
100604,charlie,charlie,50,Male,Sales,Analyst,50000.0,2018-04-05,28.0,5,Mumbai,Active,4
100605,grace,grace,25,Other,HR,Director,70000.0,2018-04-05,3.0,4,Hyderabad,Active,3
100606,ivy,ivy,50,Other,IT,Director,65000.0,2018-04-05,28.0,3,Chennai,Active,1
100607,jack,jack,35,Female,Sales,Manager,55000.0,2018-04-05,13.0,2,Mumbai,Active,4
100608,hannah,hannah,35,Female,Sales,Assistant,65000.0,2018-04-05,13.0,2,Mumbai,Active,4
100609,frank,frank,35,Male,HR,Analyst,50000.0,2018-04-05,13.0,3,Hyderabad,Active,3
100610,hannah,hannah,35,Female,Sales,Clerk,65000.0,2018-04-05,13.0,5,Mumbai,Active,4
100611,eve,eve,50,Other,Sales,Clerk,50000.0,2018-04-05,28.0,3,Mumbai,Active,4
100612,hannah,hannah,40,Other,Sales,Manager,55000.0,2018-04-05,18.0,5,Mumbai,Active,4
100613,jack,jack,35,Female,IT,Analyst,70000.0,2018-04-05,13.0,4,Chennai,Active,1
100614,david,david,35,Female,HR,Analyst,70000.0,2018-04-05,13.0,3,Hyderabad,Active,3
100615,jack,jack,35,Female,Sales,Manager,65000.0,2018-04-05,13.0,5,Mumbai,Active,4
100616,hannah,hannah,35,Female,Sales,Analyst,70000.0,2018-04-05,13.0,4,Mumbai,Active,4
100617,jack,jack,35,Male,IT,Assistant,65000.0,2018-04-05,13.0,3,Chennai,Active,1
100618,bob,bob,40,Female,HR,Manager,65000.0,2018-04-05,18.0,2,Hyderabad,Active,3
100619,eve,eve,35,Male,Finance,Assistant,65000.0,2018-04-05,13.0,3,Bengaluru,Active,2
100620,ivy,ivy,40,Other,IT,Analyst,65000.0,2018-04-05,18.0,1,Chennai,Review,1
100621,david,david,35,Female,HR,Manager,65000.0,2018-04-05,13.0,3,Hyderabad,Active,3
100622,frank,frank,25,Male,Sales,Analyst,65000.0,2018-04-05,3.0,1,Mumbai,Review,4
100623,alice,alice,50,Female,HR,Manager,65000.0,2018-04-05,28.0,4,Hyderabad,Active,3
100624,ivy,ivy,35,Other,HR,Analyst,65000.0,2018-04-05,13.0,3,Hyderabad,Active,3
100625,alice,alice,35,Other,HR,Assistant,50000.0,2018-04-05,13.0,4,Hyderabad,Active,3
100626,eve,eve,35,Other,Finance,Assistant,65000.0,2018-04-05,13.0,4,Bengaluru,Active,2
100627,david,david,35,Female,HR,Analyst,65000.0,2018-04-05,13.0,5,Hyderabad,Active,3
100628,charlie,charlie,35,Female,Finance,Manager,70000.0,2018-04-05,13.0,4,Bengaluru,Active,2
100629,frank,frank,50,Male,Sales,Clerk,70000.0,2018-04-05,28.0,4,Mumbai,Active,4
100630,bob,bob,35,Other,Finance,Assistant,55000.0,2018-04-05,13.0,3,Bengaluru,Active,2
100631,charlie,charlie,40,Female,Sales,Assistant,55000.0,2018-04-05,18.0,3,Mumbai,Active,4
100632,eve,eve,35,Other,Sales,Clerk,70000.0,2018-04-05,13.0,2,Mumbai,Active,4
100633,ivy,ivy,25,Other,Finance,Analyst,70000.0,2018-04-05,3.0,5,Bengaluru,Active,2
100634,bob,bob,35,Male,IT,Manager,65000.0,2018-04-05,13.0,4,Chennai,Active,1
100635,jack,jack,40,Male,Marketing,Analyst,65000.0,2018-04-05,18.0,5,Pune,Active,5
100636,hannah,hannah,25,Male,HR,Director,55000.0,2018-04-05,3.0,1,Hyderabad,Review,3
100637,bob,bob,40,Male,Marketing,Assistant,65000.0,2018-04-05,18.0,4,Pune,Active,5
100638,eve,eve,40,Other,HR,Director,65000.0,2018-04-05,18.0,5,Hyderabad,Active,3
100639,grace,grace,35,Male,HR,Assistant,70000.0,2018-04-05,13.0,2,Hyderabad,Active,3
100640,hannah,hannah,35,Male,Sales,Assistant,65000.0,2018-04-05,13.0,2,Mumbai,Active,4
100641,alice,alice,35,Male,HR,Director,65000.0,2018-04-05,13.0,4,Hyderabad,Active,3
100642,frank,frank,50,Male,HR,Director,70000.0,2018-04-05,28.0,1,Hyderabad,Review,3
100643,alice,alice,35,Other,Finance,Analyst,70000.0,2018-04-05,13.0,2,Bengaluru,Active,2
100644,bob,bob,50,Male,Marketing,Director,50000.0,2018-04-05,28.0,2,Pune,Active,5
100645,alice,alice,35,Other,Finance,Analyst,65000.0,2018-04-05,13.0,1,Bengaluru,Review,2
100646,eve,eve,35,Female,HR,Analyst,65000.0,2018-04-05,13.0,5,Hyderabad,Active,3
100647,jack,jack,35,Other,Sales,Analyst,65000.0,2018-04-05,13.0,2,Mumbai,Active,4
100648,ivy,ivy,25,Other,Finance,Assistant,70000.0,2018-04-05,3.0,3,Bengaluru,Active,2
100649,frank,frank,50,Male,Finance,Assistant,65000.0,2018-04-05,28.0,2,Bengaluru,Active,2
100650,alice,alice,35,Female,IT,Director,65000.0,2018-04-05,13.0,5,Chennai,Active,1
100651,alice,alice,35,Female,HR,Assistant,50000.0,2018-04-05,13.0,5,Hyderabad,Active,3
100652,bob,bob,40,Female,Sales,Director,70000.0,2018-04-05,18.0,4,Mumbai,Active,4
100653,ivy,ivy,40,Female,Finance,Assistant,55000.0,2018-04-05,18.0,3,Bengaluru,Active,2
100654,charlie,charlie,40,Other,Finance,Manager,55000.0,2018-04-05,18.0,5,Bengaluru,Active,2
100655,alice,alice,35,Female,Sales,Manager,50000.0,2018-04-05,13.0,1,Mumbai,Review,4
100656,eve,eve,35,Other,HR,Director,65000.0,2018-04-05,13.0,3,Hyderabad,Active,3
100657,grace,grace,50,Other,IT,Assistant,70000.0,2018-04-05,28.0,3,Chennai,Active,1
100658,frank,frank,35,Other,Finance,Assistant,65000.0,2018-04-05,13.0,1,Bengaluru,Review,2
100659,alice,alice,25,Female,IT,Analyst,50000.0,2018-04-05,3.0,2,Chennai,Active,1
100660,eve,eve,40,Male,Marketing,Clerk,65000.0,2018-04-05,18.0,1,Pune,Review,5
100661,eve,eve,35,Male,HR,Director,65000.0,2018-04-05,13.0,1,Hyderabad,Review,3
100662,frank,frank,35,Female,Marketing,Clerk,55000.0,2018-04-05,13.0,2,Pune,Active,5
100663,charlie,charlie,25,Male,Marketing,Clerk,55000.0,2018-04-05,3.0,2,Pune,Active,5
100664,eve,eve,35,Male,Marketing,Director,65000.0,2018-04-05,13.0,2,Pune,Active,5
100665,grace,grace,35,Other,HR,Assistant,50000.0,2018-04-05,13.0,2,Hyderabad,Active,3
100666,eve,eve,50,Other,HR,Director,55000.0,2018-04-05,28.0,2,Hyderabad,Active,3
100667,eve,eve,35,Female,Sales,Clerk,70000.0,2018-04-05,13.0,1,Mumbai,Review,4
100668,eve,eve,40,Female,IT,Assistant,65000.0,2018-04-05,18.0,4,Chennai,Active,1
100669,jack,jack,35,Male,IT,Manager,65000.0,2018-04-05,13.0,4,Chennai,Active,1
100670,jack,jack,25,Other,Sales,Director,65000.0,2018-04-05,3.0,5,Mumbai,Active,4
100671,charlie,charlie,25,Female,Sales,Director,55000.0,2018-04-05,3.0,4,Mumbai,Active,4
100672,alice,alice,35,Female,Marketing,Assistant,50000.0,2018-04-05,13.0,4,Pune,Active,5
100673,eve,eve,35,Female,Sales,Manager,70000.0,2018-04-05,13.0,1,Mumbai,Review,4
100674,ivy,ivy,35,Female,Finance,Manager,50000.0,2018-04-05,13.0,2,Bengaluru,Active,2
100675,alice,alice,35,Female,IT,Assistant,65000.0,2018-04-05,13.0,2,Chennai,Active,1
100676,charlie,charlie,35,Female,Sales,Analyst,65000.0,2018-04-05,13.0,1,Mumbai,Review,4
100677,david,david,50,Male,Finance,Director,65000.0,2018-04-05,28.0,4,Bengaluru,Active,2
100678,alice,alice,25,Other,Finance,Director,55000.0,2018-04-05,3.0,1,Bengaluru,Review,2
100679,alice,alice,25,Other,Finance,Clerk,55000.0,2018-04-05,3.0,5,Bengaluru,Active,2
100680,hannah,hannah,40,Female,Finance,Assistant,55000.0,2018-04-05,18.0,2,Bengaluru,Active,2
100681,bob,bob,40,Other,Marketing,Clerk,65000.0,2018-04-05,18.0,3,Pune,Active,5
100682,hannah,hannah,35,Other,Finance,Clerk,65000.0,2018-04-05,13.0,5,Bengaluru,Active,2
100683,grace,grace,50,Other,Marketing,Manager,50000.0,2018-04-05,28.0,5,Pune,Active,5
100684,jack,jack,35,Female,Marketing,Director,65000.0,2018-04-05,13.0,1,Pune,Review,5
100685,jack,jack,35,Female,Finance,Clerk,65000.0,2018-04-05,13.0,4,Bengaluru,Active,2
100686,bob,bob,35,Other,IT,Manager,50000.0,2018-04-05,13.0,2,Chennai,Active,1
100687,frank,frank,40,Other,Finance,Assistant,55000.0,2018-04-05,18.0,3,Bengaluru,Active,2
100688,frank,frank,35,Female,Finance,Clerk,70000.0,2018-04-05,13.0,5,Bengaluru,Active,2
100689,charlie,charlie,40,Male,Finance,Director,50000.0,2018-04-05,18.0,3,Bengaluru,Active,2
100690,bob,bob,35,Other,IT,Clerk,65000.0,2018-04-05,13.0,4,Chennai,Active,1
100691,alice,alice,35,Male,HR,Assistant,65000.0,2018-04-05,13.0,4,Hyderabad,Active,3
100692,frank,frank,35,Other,HR,Clerk,65000.0,2018-04-05,13.0,3,Hyderabad,Active,3
100693,eve,eve,35,Male,Marketing,Director,65000.0,2018-04-05,13.0,2,Pune,Active,5
100694,ivy,ivy,50,Male,Marketing,Manager,65000.0,2018-04-05,28.0,4,Pune,Active,5
100695,alice,alice,25,Male,IT,Director,70000.0,2018-04-05,3.0,3,Chennai,Active,1
100696,grace,grace,50,Female,Sales,Manager,55000.0,2018-04-05,28.0,5,Mumbai,Active,4
100697,eve,eve,50,Male,HR,Analyst,65000.0,2018-04-05,28.0,3,Hyderabad,Active,3
100698,eve,eve,25,Male,Marketing,Director,70000.0,2018-04-05,3.0,3,Pune,Active,5
100699,bob,bob,50,Male,HR,Director,65000.0,2018-04-05,28.0,1,Hyderabad,Review,3
100700,charlie,charlie,35,Other,IT,Assistant,65000.0,2018-04-05,13.0,4,Chennai,Active,1
100701,grace,grace,35,Male,IT,Clerk,55000.0,2018-04-05,13.0,2,Chennai,Active,1
100702,frank,frank,35,Other,Sales,Manager,65000.0,2018-04-05,13.0,2,Mumbai,Active,4
100703,bob,bob,25,Male,Sales,Manager,65000.0,2018-04-05,3.0,1,Mumbai,Review,4
100704,frank,frank,50,Male,IT,Assistant,55000.0,2018-04-05,28.0,2,Chennai,Active,1
100705,bob,bob,25,Female,Marketing,Assistant,70000.0,2018-04-05,3.0,3,Pune,Active,5
100706,bob,bob,35,Other,HR,Clerk,65000.0,2018-04-05,13.0,1,Hyderabad,Review,3
100707,bob,bob,50,Male,Finance,Clerk,70000.0,2018-04-05,28.0,5,Bengaluru,Active,2
100708,charlie,charlie,50,Other,Sales,Director,65000.0,2018-04-05,28.0,4,Mumbai,Active,4
100709,bob,bob,40,Other,Finance,Analyst,70000.0,2018-04-05,18.0,4,Bengaluru,Active,2
100710,david,david,40,Female,Marketing,Clerk,55000.0,2018-04-05,18.0,4,Pune,Active,5
100711,ivy,ivy,35,Female,Sales,Assistant,65000.0,2018-04-05,13.0,3,Mumbai,Active,4
100712,frank,frank,35,Female,Finance,Clerk,65000.0,2018-04-05,13.0,5,Bengaluru,Active,2
100713,alice,alice,40,Female,Marketing,Manager,65000.0,2018-04-05,18.0,1,Pune,Review,5
100714,hannah,hannah,25,Female,HR,Analyst,65000.0,2018-04-05,3.0,1,Hyderabad,Review,3
100715,grace,grace,40,Female,Marketing,Director,50000.0,2018-04-05,18.0,4,Pune,Active,5
100716,jack,jack,35,Female,Sales,Manager,70000.0,2018-04-05,13.0,5,Mumbai,Active,4
100717,charlie,charlie,50,Female,IT,Manager,65000.0,2018-04-05,28.0,5,Chennai,Active,1
100718,alice,alice,35,Male,HR,Analyst,50000.0,2018-04-05,13.0,5,Hyderabad,Active,3
100719,eve,eve,50,Other,Finance,Director,65000.0,2018-04-05,28.0,2,Bengaluru,Active,2
100720,david,david,50,Female,Sales,Assistant,70000.0,2018-04-05,28.0,2,Mumbai,Active,4
100721,jack,jack,35,Female,IT,Director,65000.0,2018-04-05,13.0,4,Chennai,Active,1
100722,hannah,hannah,40,Other,Marketing,Clerk,65000.0,2018-04-05,18.0,5,Pune,Active,5
100723,alice,alice,25,Male,IT,Manager,70000.0,2018-04-05,3.0,5,Chennai,Active,1
100724,jack,jack,25,Other,Sales,Clerk,55000.0,2018-04-05,3.0,1,Mumbai,Review,4
100725,alice,alice,35,Other,Sales,Assistant,65000.0,2018-04-05,13.0,1,Mumbai,Review,4
100726,david,david,50,Female,IT,Clerk,65000.0,2018-04-05,28.0,4,Chennai,Active,1
100727,hannah,hannah,25,Other,Marketing,Director,65000.0,2018-04-05,3.0,5,Pune,Active,5
100728,eve,eve,35,Other,IT,Clerk,55000.0,2018-04-05,13.0,4,Chennai,Active,1
100729,bob,bob,50,Female,Sales,Assistant,65000.0,2018-04-05,28.0,1,Mumbai,Review,4
100730,frank,frank,35,Female,Sales,Assistant,55000.0,2018-04-05,13.0,1,Mumbai,Review,4
100731,eve,eve,25,Female,Finance,Assistant,65000.0,2018-04-05,3.0,2,Bengaluru,Active,2
100732,bob,bob,25,Female,Finance,Director,65000.0,2018-04-05,3.0,4,Bengaluru,Active,2
100733,charlie,charlie,35,Other,HR,Assistant,65000.0,2018-04-05,13.0,4,Hyderabad,Active,3
100734,ivy,ivy,25,Other,Sales,Manager,65000.0,2018-04-05,3.0,5,Mumbai,Active,4
100735,grace,grace,50,Male,Finance,Assistant,50000.0,2018-04-05,28.0,5,Bengaluru,Active,2
100736,grace,grace,50,Male,IT,Clerk,65000.0,2018-04-05,28.0,2,Chennai,Active,1
100737,frank,frank,50,Other,Marketing,Clerk,65000.0,2018-04-05,28.0,3,Pune,Active,5
100738,hannah,hannah,35,Male,IT,Clerk,65000.0,2018-04-05,13.0,3,Chennai,Active,1
100739,david,david,35,Other,Marketing,Director,70000.0,2018-04-05,13.0,3,Pune,Active,5
100740,hannah,hannah,25,Male,Finance,Clerk,65000.0,2018-04-05,3.0,4,Bengaluru,Active,2
100741,david,david,35,Female,HR,Director,65000.0,2018-04-05,13.0,4,Hyderabad,Active,3
100742,hannah,hannah,35,Male,IT,Director,55000.0,2018-04-05,13.0,1,Chennai,Review,1
100743,ivy,ivy,35,Female,IT,Assistant,65000.0,2018-04-05,13.0,4,Chennai,Active,1
100744,charlie,charlie,25,Female,IT,Manager,70000.0,2018-04-05,3.0,4,Chennai,Active,1
100745,charlie,charlie,35,Female,Marketing,Assistant,65000.0,2018-04-05,13.0,4,Pune,Active,5
100746,bob,bob,25,Female,Finance,Assistant,65000.0,2018-04-05,3.0,2,Bengaluru,Active,2
100747,jack,jack,25,Male,IT,Director,70000.0,2018-04-05,3.0,4,Chennai,Active,1
100748,charlie,charlie,25,Other,IT,Director,65000.0,2018-04-05,3.0,5,Chennai,Active,1
100749,charlie,charlie,40,Female,HR,Clerk,65000.0,2018-04-05,18.0,5,Hyderabad,Active,3
100750,eve,eve,50,Male,HR,Clerk,50000.0,2018-04-05,28.0,1,Hyderabad,Review,3
100751,eve,eve,25,Female,Finance,Assistant,50000.0,2018-04-05,3.0,2,Bengaluru,Active,2
100752,bob,bob,40,Male,Finance,Analyst,55000.0,2018-04-05,18.0,5,Bengaluru,Active,2
100753,jack,jack,35,Male,Sales,Analyst,65000.0,2018-04-05,13.0,2,Mumbai,Active,4
100754,frank,frank,35,Male,HR,Clerk,50000.0,2018-04-05,13.0,2,Hyderabad,Active,3
100755,eve,eve,50,Other,Sales,Analyst,65000.0,2018-04-05,28.0,1,Mumbai,Review,4
100756,frank,frank,35,Male,Marketing,Clerk,65000.0,2018-04-05,13.0,2,Pune,Active,5
100757,alice,alice,50,Male,Sales,Director,65000.0,2018-04-05,28.0,4,Mumbai,Active,4
100758,eve,eve,35,Other,IT,Assistant,65000.0,2018-04-05,13.0,2,Chennai,Active,1
100759,ivy,ivy,50,Other,Sales,Manager,50000.0,2018-04-05,28.0,1,Mumbai,Review,4
100760,jack,jack,35,Male,Finance,Assistant,65000.0,2018-04-05,13.0,1,Bengaluru,Review,2
100761,bob,bob,35,Other,Marketing,Clerk,65000.0,2018-04-05,13.0,1,Pune,Review,5
100762,alice,alice,35,Female,IT,Clerk,70000.0,2018-04-05,13.0,5,Chennai,Active,1
100763,jack,jack,35,Female,Sales,Assistant,50000.0,2018-04-05,13.0,4,Mumbai,Active,4
100764,ivy,ivy,35,Other,Marketing,Clerk,50000.0,2018-04-05,13.0,5,Pune,Active,5
100765,jack,jack,25,Other,Marketing,Analyst,65000.0,2018-04-05,3.0,3,Pune,Active,5
100766,ivy,ivy,35,Male,IT,Analyst,65000.0,2018-04-05,13.0,4,Chennai,Active,1
100767,ivy,ivy,40,Other,Sales,Clerk,65000.0,2018-04-05,18.0,2,Mumbai,Active,4
100768,frank,frank,35,Male,Marketing,Clerk,65000.0,2018-04-05,13.0,1,Pune,Review,5
100769,hannah,hannah,35,Female,Marketing,Analyst,65000.0,2018-04-05,13.0,3,Pune,Active,5
100770,alice,alice,50,Other,HR,Clerk,65000.0,2018-04-05,28.0,4,Hyderabad,Active,3
100771,jack,jack,25,Male,Marketing,Clerk,65000.0,2018-04-05,3.0,5,Pune,Active,5
100772,david,david,50,Male,HR,Assistant,65000.0,2018-04-05,28.0,1,Hyderabad,Review,3
100773,alice,alice,25,Female,Sales,Manager,50000.0,2018-04-05,3.0,5,Mumbai,Active,4
100774,hannah,hannah,25,Other,Sales,Analyst,55000.0,2018-04-05,3.0,4,Mumbai,Active,4
100775,alice,alice,35,Female,Sales,Assistant,70000.0,2018-04-05,13.0,4,Mumbai,Active,4
100776,charlie,charlie,35,Male,Finance,Manager,50000.0,2018-04-05,13.0,3,Bengaluru,Active,2
100777,david,david,35,Male,Sales,Clerk,65000.0,2018-04-05,13.0,2,Mumbai,Active,4
100778,hannah,hannah,35,Other,Marketing,Clerk,70000.0,2018-04-05,13.0,5,Pune,Active,5
100779,frank,frank,50,Male,IT,Assistant,55000.0,2018-04-05,28.0,3,Chennai,Active,1
100780,jack,jack,35,Other,HR,Clerk,55000.0,2018-04-05,13.0,1,Hyderabad,Review,3
100781,grace,grace,50,Female,Finance,Director,65000.0,2018-04-05,28.0,2,Bengaluru,Active,2
100782,hannah,hannah,35,Other,Sales,Assistant,70000.0,2018-04-05,13.0,3,Mumbai,Active,4
100783,bob,bob,35,Other,Sales,Manager,65000.0,2018-04-05,13.0,5,Mumbai,Active,4
100784,jack,jack,35,Male,IT,Assistant,50000.0,2018-04-05,13.0,4,Chennai,Active,1
100785,hannah,hannah,35,Male,IT,Analyst,65000.0,2018-04-05,13.0,1,Chennai,Review,1
100786,charlie,charlie,50,Other,Finance,Assistant,65000.0,2018-04-05,28.0,5,Bengaluru,Active,2
100787,grace,grace,35,Male,HR,Clerk,65000.0,2018-04-05,13.0,2,Hyderabad,Active,3
100788,charlie,charlie,50,Male,Sales,Clerk,70000.0,2018-04-05,28.0,2,Mumbai,Active,4
100789,grace,grace,35,Male,Finance,Director,65000.0,2018-04-05,13.0,4,Bengaluru,Active,2
100790,bob,bob,35,Other,Marketing,Director,50000.0,2018-04-05,13.0,4,Pune,Active,5
100791,jack,jack,25,Male,Marketing,Director,65000.0,2018-04-05,3.0,1,Pune,Review,5
100792,frank,frank,35,Other,Finance,Manager,70000.0,2018-04-05,13.0,1,Bengaluru,Review,2
100793,charlie,charlie,35,Male,Sales,Director,65000.0,2018-04-05,13.0,4,Mumbai,Active,4
100794,charlie,charlie,50,Female,Finance,Manager,70000.0,2018-04-05,28.0,4,Bengaluru,Active,2
100795,ivy,ivy,35,Male,Sales,Director,65000.0,2018-04-05,13.0,2,Mumbai,Active,4
100796,grace,grace,35,Male,IT,Manager,55000.0,2018-04-05,13.0,4,Chennai,Active,1
100797,eve,eve,50,Other,Finance,Assistant,65000.0,2018-04-05,28.0,3,Bengaluru,Active,2
100798,jack,jack,35,Other,Sales,Assistant,65000.0,2018-04-05,13.0,5,Mumbai,Active,4
100799,grace,grace,35,Male,Finance,Clerk,55000.0,2018-04-05,13.0,4,Bengaluru,Active,2
100800,ivy,ivy,40,Female,Finance,Manager,65000.0,2018-04-05,18.0,1,Bengaluru,Review,2
100801,alice,alice,25,Male,Sales,Analyst,70000.0,2018-04-05,3.0,3,Mumbai,Active,4
100802,grace,grace,40,Male,Sales,Clerk,70000.0,2018-04-05,18.0,1,Mumbai,Review,4
100803,frank,frank,35,Female,HR,Assistant,70000.0,2018-04-05,13.0,3,Hyderabad,Active,3
100804,jack,jack,35,Other,Finance,Manager,65000.0,2018-04-05,13.0,4,Bengaluru,Active,2
100805,ivy,ivy,35,Male,Marketing,Director,50000.0,2018-04-05,13.0,5,Pune,Active,5
100806,alice,alice,50,Other,Finance,Analyst,70000.0,2018-04-05,28.0,1,Bengaluru,Review,2
100807,david,david,35,Other,Finance,Assistant,55000.0,2018-04-05,13.0,3,Bengaluru,Active,2
100808,ivy,ivy,40,Female,Sales,Clerk,70000.0,2018-04-05,18.0,2,Mumbai,Active,4
100809,david,david,40,Female,Finance,Manager,65000.0,2018-04-05,18.0,4,Bengaluru,Active,2
100810,jack,jack,40,Other,Finance,Analyst,65000.0,2018-04-05,18.0,5,Bengaluru,Active,2
100811,charlie,charlie,35,Male,Marketing,Manager,55000.0,2018-04-05,13.0,4,Pune,Active,5
100812,ivy,ivy,35,Other,Sales,Director,65000.0,2018-04-05,13.0,2,Mumbai,Active,4
100813,bob,bob,35,Male,Finance,Clerk,65000.0,2018-04-05,13.0,5,Bengaluru,Active,2
100814,david,david,50,Male,IT,Manager,55000.0,2018-04-05,28.0,2,Chennai,Active,1
100815,frank,frank,35,Female,HR,Assistant,65000.0,2018-04-05,13.0,4,Hyderabad,Active,3
100816,bob,bob,35,Male,Marketing,Clerk,50000.0,2018-04-05,13.0,3,Pune,Active,5
100817,hannah,hannah,50,Male,Finance,Assistant,50000.0,2018-04-05,28.0,4,Bengaluru,Active,2
100818,hannah,hannah,40,Other,IT,Manager,65000.0,2018-04-05,18.0,4,Chennai,Active,1
100819,alice,alice,25,Female,Finance,Clerk,65000.0,2018-04-05,3.0,4,Bengaluru,Active,2
100820,charlie,charlie,35,Male,Finance,Assistant,50000.0,2018-04-05,13.0,1,Bengaluru,Review,2
100821,jack,jack,35,Male,Sales,Director,65000.0,2018-04-05,13.0,2,Mumbai,Active,4
100822,ivy,ivy,35,Female,Sales,Director,65000.0,2018-04-05,13.0,2,Mumbai,Active,4
100823,eve,eve,35,Other,Sales,Manager,65000.0,2018-04-05,13.0,2,Mumbai,Active,4
100824,frank,frank,35,Female,IT,Clerk,65000.0,2018-04-05,13.0,1,Chennai,Review,1
100825,david,david,35,Female,Finance,Analyst,65000.0,2018-04-05,13.0,3,Bengaluru,Active,2
100826,jack,jack,40,Male,HR,Clerk,50000.0,2018-04-05,18.0,4,Hyderabad,Active,3
100827,bob,bob,40,Male,Marketing,Director,65000.0,2018-04-05,18.0,3,Pune,Active,5
100828,hannah,hannah,50,Other,Sales,Assistant,50000.0,2018-04-05,28.0,1,Mumbai,Review,4
100829,frank,frank,25,Male,Sales,Analyst,65000.0,2018-04-05,3.0,2,Mumbai,Active,4
100830,eve,eve,35,Male,Finance,Manager,70000.0,2018-04-05,13.0,4,Bengaluru,Active,2
100831,ivy,ivy,25,Female,Finance,Analyst,65000.0,2018-04-05,3.0,5,Bengaluru,Active,2
100832,alice,alice,50,Male,IT,Manager,65000.0,2018-04-05,28.0,5,Chennai,Active,1
100833,eve,eve,40,Other,IT,Analyst,55000.0,2018-04-05,18.0,3,Chennai,Active,1
100834,frank,frank,35,Female,Sales,Manager,65000.0,2018-04-05,13.0,2,Mumbai,Active,4
100835,eve,eve,40,Other,Finance,Manager,65000.0,2018-04-05,18.0,5,Bengaluru,Active,2
100836,frank,frank,35,Female,HR,Analyst,65000.0,2018-04-05,13.0,3,Hyderabad,Active,3
100837,frank,frank,40,Male,Marketing,Analyst,65000.0,2018-04-05,18.0,1,Pune,Review,5
100838,grace,grace,35,Female,Finance,Manager,65000.0,2018-04-05,13.0,3,Bengaluru,Active,2
100839,david,david,35,Female,Finance,Director,65000.0,2018-04-05,13.0,3,Bengaluru,Active,2
100840,hannah,hannah,35,Male,IT,Analyst,55000.0,2018-04-05,13.0,3,Chennai,Active,1
100841,grace,grace,50,Male,Marketing,Clerk,65000.0,2018-04-05,28.0,4,Pune,Active,5
100842,ivy,ivy,35,Other,Sales,Assistant,55000.0,2018-04-05,13.0,3,Mumbai,Active,4
100843,grace,grace,35,Other,Finance,Manager,50000.0,2018-04-05,13.0,3,Bengaluru,Active,2
100844,charlie,charlie,35,Male,Sales,Manager,70000.0,2018-04-05,13.0,4,Mumbai,Active,4
100845,charlie,charlie,25,Male,Finance,Assistant,65000.0,2018-04-05,3.0,4,Bengaluru,Active,2
100846,hannah,hannah,35,Male,Sales,Director,65000.0,2018-04-05,13.0,1,Mumbai,Review,4
100847,eve,eve,25,Female,Marketing,Assistant,50000.0,2018-04-05,3.0,2,Pune,Active,5
100848,david,david,35,Female,IT,Analyst,70000.0,2018-04-05,13.0,5,Chennai,Active,1
100849,hannah,hannah,35,Female,Marketing,Assistant,65000.0,2018-04-05,13.0,5,Pune,Active,5
100850,frank,frank,40,Male,HR,Manager,65000.0,2018-04-05,18.0,3,Hyderabad,Active,3
100851,bob,bob,35,Other,IT,Assistant,65000.0,2018-04-05,13.0,1,Chennai,Review,1
100852,david,david,35,Male,Marketing,Clerk,55000.0,2018-04-05,13.0,3,Pune,Active,5
100853,david,david,35,Female,HR,Analyst,55000.0,2018-04-05,13.0,5,Hyderabad,Active,3
100854,frank,frank,35,Female,Finance,Assistant,65000.0,2018-04-05,13.0,4,Bengaluru,Active,2
100855,frank,frank,35,Male,Finance,Manager,50000.0,2018-04-05,13.0,2,Bengaluru,Active,2
100856,alice,alice,50,Male,Sales,Analyst,70000.0,2018-04-05,28.0,1,Mumbai,Review,4
100857,hannah,hannah,35,Female,IT,Manager,65000.0,2018-04-05,13.0,4,Chennai,Active,1
100858,frank,frank,35,Female,Finance,Director,55000.0,2018-04-05,13.0,2,Bengaluru,Active,2
100859,charlie,charlie,35,Female,IT,Clerk,50000.0,2018-04-05,13.0,1,Chennai,Review,1
100860,ivy,ivy,35,Male,Finance,Director,65000.0,2018-04-05,13.0,1,Bengaluru,Review,2
100861,bob,bob,50,Female,Sales,Clerk,65000.0,2018-04-05,28.0,5,Mumbai,Active,4
100862,hannah,hannah,40,Female,Marketing,Assistant,55000.0,2018-04-05,18.0,4,Pune,Active,5
100863,jack,jack,35,Other,Sales,Analyst,65000.0,2018-04-05,13.0,1,Mumbai,Review,4
100864,charlie,charlie,35,Male,HR,Assistant,65000.0,2018-04-05,13.0,1,Hyderabad,Review,3
100865,eve,eve,40,Other,Finance,Clerk,70000.0,2018-04-05,18.0,2,Bengaluru,Active,2
100866,frank,frank,35,Other,HR,Clerk,55000.0,2018-04-05,13.0,5,Hyderabad,Active,3
100867,jack,jack,40,Female,HR,Clerk,55000.0,2018-04-05,18.0,3,Hyderabad,Active,3
100868,frank,frank,25,Male,IT,Manager,65000.0,2018-04-05,3.0,5,Chennai,Active,1
100869,david,david,35,Female,Finance,Analyst,65000.0,2018-04-05,13.0,3,Bengaluru,Active,2
100870,charlie,charlie,35,Male,HR,Assistant,50000.0,2018-04-05,13.0,4,Hyderabad,Active,3
100871,david,david,35,Other,Marketing,Assistant,70000.0,2018-04-05,13.0,4,Pune,Active,5
100872,alice,alice,50,Male,HR,Director,55000.0,2018-04-05,28.0,1,Hyderabad,Review,3
100873,david,david,35,Female,Marketing,Clerk,70000.0,2018-04-05,13.0,4,Pune,Active,5
100874,alice,alice,35,Female,IT,Clerk,55000.0,2018-04-05,13.0,1,Chennai,Review,1
100875,alice,alice,50,Female,HR,Clerk,70000.0,2018-04-05,28.0,5,Hyderabad,Active,3
100876,jack,jack,50,Male,Sales,Assistant,65000.0,2018-04-05,28.0,4,Mumbai,Active,4
100877,frank,frank,35,Other,IT,Director,55000.0,2018-04-05,13.0,5,Chennai,Active,1
100878,eve,eve,40,Other,Marketing,Manager,70000.0,2018-04-05,18.0,5,Pune,Active,5
100879,david,david,40,Male,IT,Analyst,50000.0,2018-04-05,18.0,4,Chennai,Active,1
100880,charlie,charlie,50,Female,HR,Manager,65000.0,2018-04-05,28.0,5,Hyderabad,Active,3
100881,alice,alice,40,Other,Finance,Assistant,65000.0,2018-04-05,18.0,4,Bengaluru,Active,2
100882,frank,frank,25,Female,Finance,Clerk,50000.0,2018-04-05,3.0,4,Bengaluru,Active,2
100883,bob,bob,50,Male,Marketing,Analyst,70000.0,2018-04-05,28.0,4,Pune,Active,5
100884,hannah,hannah,50,Female,Marketing,Assistant,65000.0,2018-04-05,28.0,3,Pune,Active,5
100885,jack,jack,35,Other,Finance,Assistant,50000.0,2018-04-05,13.0,5,Bengaluru,Active,2
100886,eve,eve,40,Other,Marketing,Assistant,70000.0,2018-04-05,18.0,2,Pune,Active,5
100887,grace,grace,50,Female,IT,Analyst,50000.0,2018-04-05,28.0,4,Chennai,Active,1
100888,jack,jack,25,Male,Sales,Analyst,50000.0,2018-04-05,3.0,5,Mumbai,Active,4
100889,bob,bob,35,Female,Sales,Director,55000.0,2018-04-05,13.0,1,Mumbai,Review,4
100890,hannah,hannah,35,Male,IT,Director,70000.0,2018-04-05,13.0,4,Chennai,Active,1
100891,bob,bob,50,Female,Sales,Manager,65000.0,2018-04-05,28.0,4,Mumbai,Active,4
100892,david,david,25,Other,HR,Analyst,55000.0,2018-04-05,3.0,2,Hyderabad,Active,3
100893,alice,alice,35,Male,IT,Analyst,50000.0,2018-04-05,13.0,3,Chennai,Active,1
100894,eve,eve,25,Male,Marketing,Analyst,65000.0,2018-04-05,3.0,3,Pune,Active,5
100895,ivy,ivy,25,Male,IT,Director,50000.0,2018-04-05,3.0,4,Chennai,Active,1
100896,alice,alice,35,Other,Finance,Assistant,50000.0,2018-04-05,13.0,5,Bengaluru,Active,2
100897,ivy,ivy,35,Female,Marketing,Clerk,70000.0,2018-04-05,13.0,1,Pune,Review,5
100898,hannah,hannah,35,Other,Finance,Director,70000.0,2018-04-05,13.0,1,Bengaluru,Review,2
100899,frank,frank,40,Male,Marketing,Analyst,55000.0,2018-04-05,18.0,5,Pune,Active,5
100900,grace,grace,40,Female,Sales,Director,65000.0,2018-04-05,18.0,4,Mumbai,Active,4
100901,charlie,charlie,25,Other,IT,Manager,55000.0,2018-04-05,3.0,1,Chennai,Review,1
100902,alice,alice,35,Male,HR,Analyst,65000.0,2018-04-05,13.0,3,Hyderabad,Active,3
100903,eve,eve,35,Male,Marketing,Manager,50000.0,2018-04-05,13.0,5,Pune,Active,5
100904,bob,bob,40,Other,Marketing,Analyst,65000.0,2018-04-05,18.0,2,Pune,Active,5
100905,eve,eve,35,Other,Finance,Director,50000.0,2018-04-05,13.0,4,Bengaluru,Active,2
100906,hannah,hannah,35,Other,Sales,Assistant,50000.0,2018-04-05,13.0,5,Mumbai,Active,4
100907,ivy,ivy,35,Male,Finance,Clerk,55000.0,2018-04-05,13.0,1,Bengaluru,Review,2
100908,bob,bob,50,Other,Finance,Manager,65000.0,2018-04-05,28.0,4,Bengaluru,Active,2
100909,charlie,charlie,50,Male,Sales,Director,65000.0,2018-04-05,28.0,3,Mumbai,Active,4
100910,charlie,charlie,35,Other,HR,Assistant,65000.0,2018-04-05,13.0,4,Hyderabad,Active,3
100911,alice,alice,40,Male,Finance,Director,55000.0,2018-04-05,18.0,4,Bengaluru,Active,2
100912,hannah,hannah,35,Male,Finance,Manager,50000.0,2018-04-05,13.0,3,Bengaluru,Active,2
100913,frank,frank,35,Female,Marketing,Clerk,55000.0,2018-04-05,13.0,3,Pune,Active,5
100914,hannah,hannah,50,Other,Sales,Director,70000.0,2018-04-05,28.0,4,Mumbai,Active,4
100915,ivy,ivy,25,Other,IT,Analyst,70000.0,2018-04-05,3.0,3,Chennai,Active,1
100916,eve,eve,25,Male,HR,Assistant,55000.0,2018-04-05,3.0,5,Hyderabad,Active,3
100917,charlie,charlie,40,Male,HR,Director,65000.0,2018-04-05,18.0,3,Hyderabad,Active,3
100918,eve,eve,35,Male,Sales,Assistant,50000.0,2018-04-05,13.0,3,Mumbai,Active,4
100919,eve,eve,35,Female,Marketing,Analyst,55000.0,2018-04-05,13.0,4,Pune,Active,5
100920,eve,eve,35,Female,Marketing,Clerk,55000.0,2018-04-05,13.0,5,Pune,Active,5
100921,charlie,charlie,25,Male,Sales,Clerk,55000.0,2018-04-05,3.0,2,Mumbai,Active,4
100922,jack,jack,25,Other,Marketing,Analyst,65000.0,2018-04-05,3.0,2,Pune,Active,5
100923,david,david,50,Other,HR,Assistant,70000.0,2018-04-05,28.0,1,Hyderabad,Review,3
100924,ivy,ivy,35,Female,HR,Director,65000.0,2018-04-05,13.0,3,Hyderabad,Active,3
100925,jack,jack,35,Female,IT,Analyst,65000.0,2018-04-05,13.0,3,Chennai,Active,1
100926,ivy,ivy,25,Male,Sales,Manager,65000.0,2018-04-05,3.0,5,Mumbai,Active,4
100927,bob,bob,35,Other,Finance,Assistant,65000.0,2018-04-05,13.0,2,Bengaluru,Active,2
100928,hannah,hannah,40,Male,Finance,Clerk,65000.0,2018-04-05,18.0,1,Bengaluru,Review,2
100929,hannah,hannah,40,Female,IT,Analyst,55000.0,2018-04-05,18.0,5,Chennai,Active,1
100930,grace,grace,35,Other,IT,Clerk,65000.0,2018-04-05,13.0,3,Chennai,Active,1
100931,hannah,hannah,40,Other,Marketing,Assistant,65000.0,2018-04-05,18.0,2,Pune,Active,5
100932,charlie,charlie,25,Female,IT,Clerk,50000.0,2018-04-05,3.0,1,Chennai,Review,1
100933,frank,frank,25,Male,IT,Analyst,70000.0,2018-04-05,3.0,4,Chennai,Active,1
100934,alice,alice,35,Male,Finance,Assistant,65000.0,2018-04-05,13.0,2,Bengaluru,Active,2
100935,grace,grace,35,Other,Marketing,Manager,55000.0,2018-04-05,13.0,1,Pune,Review,5
100936,alice,alice,50,Female,IT,Analyst,65000.0,2018-04-05,28.0,5,Chennai,Active,1
100937,ivy,ivy,35,Other,IT,Director,65000.0,2018-04-05,13.0,4,Chennai,Active,1
100938,alice,alice,35,Female,Marketing,Analyst,65000.0,2018-04-05,13.0,1,Pune,Review,5
100939,alice,alice,40,Male,Sales,Assistant,65000.0,2018-04-05,18.0,1,Mumbai,Review,4
100940,grace,grace,35,Female,Marketing,Analyst,70000.0,2018-04-05,13.0,3,Pune,Active,5
100941,bob,bob,35,Male,Finance,Manager,65000.0,2018-04-05,13.0,2,Bengaluru,Active,2
100942,eve,eve,50,Female,Sales,Manager,65000.0,2018-04-05,28.0,3,Mumbai,Active,4
100943,hannah,hannah,35,Other,HR,Director,65000.0,2018-04-05,13.0,4,Hyderabad,Active,3
100944,hannah,hannah,25,Male,Marketing,Clerk,65000.0,2018-04-05,3.0,1,Pune,Review,5
100945,charlie,charlie,40,Other,Finance,Assistant,65000.0,2018-04-05,18.0,3,Bengaluru,Active,2
100946,grace,grace,35,Other,Sales,Assistant,70000.0,2018-04-05,13.0,2,Mumbai,Active,4
100947,charlie,charlie,35,Male,Marketing,Clerk,50000.0,2018-04-05,13.0,4,Pune,Active,5
100948,frank,frank,40,Male,IT,Manager,55000.0,2018-04-05,18.0,5,Chennai,Active,1
100949,frank,frank,25,Other,Marketing,Manager,65000.0,2018-04-05,3.0,3,Pune,Active,5
100950,charlie,charlie,35,Other,HR,Analyst,55000.0,2018-04-05,13.0,4,Hyderabad,Active,3
100951,grace,grace,50,Other,Marketing,Director,50000.0,2018-04-05,28.0,5,Pune,Active,5
100952,charlie,charlie,40,Other,Sales,Director,55000.0,2018-04-05,18.0,3,Mumbai,Active,4
100953,hannah,hannah,40,Male,Sales,Director,50000.0,2018-04-05,18.0,4,Mumbai,Active,4
100954,jack,jack,35,Male,Marketing,Analyst,65000.0,2018-04-05,13.0,4,Pune,Active,5
100955,david,david,40,Other,Sales,Director,65000.0,2018-04-05,18.0,3,Mumbai,Active,4
100956,alice,alice,25,Female,IT,Clerk,65000.0,2018-04-05,3.0,4,Chennai,Active,1
100957,david,david,25,Female,Marketing,Analyst,50000.0,2018-04-05,3.0,1,Pune,Review,5
100958,grace,grace,35,Male,IT,Clerk,55000.0,2018-04-05,13.0,3,Chennai,Active,1
100959,david,david,50,Other,IT,Analyst,65000.0,2018-04-05,28.0,4,Chennai,Active,1
100960,frank,frank,35,Other,Finance,Director,65000.0,2018-04-05,13.0,5,Bengaluru,Active,2
100961,ivy,ivy,35,Male,Marketing,Clerk,65000.0,2018-04-05,13.0,5,Pune,Active,5
100962,alice,alice,35,Female,Sales,Clerk,65000.0,2018-04-05,13.0,1,Mumbai,Review,4
100963,eve,eve,40,Female,IT,Clerk,50000.0,2018-04-05,18.0,3,Chennai,Active,1
100964,grace,grace,35,Female,Finance,Analyst,65000.0,2018-04-05,13.0,4,Bengaluru,Active,2
100965,alice,alice,35,Male,Marketing,Assistant,55000.0,2018-04-05,13.0,4,Pune,Active,5
100966,david,david,35,Female,Marketing,Director,65000.0,2018-04-05,13.0,5,Pune,Active,5
100967,frank,frank,50,Male,HR,Clerk,65000.0,2018-04-05,28.0,1,Hyderabad,Review,3
100968,bob,bob,35,Male,HR,Assistant,70000.0,2018-04-05,13.0,5,Hyderabad,Active,3
100969,jack,jack,25,Other,IT,Director,65000.0,2018-04-05,3.0,5,Chennai,Active,1
100970,eve,eve,35,Female,HR,Director,65000.0,2018-04-05,13.0,1,Hyderabad,Review,3
100971,jack,jack,40,Male,IT,Clerk,65000.0,2018-04-05,18.0,3,Chennai,Active,1
100972,alice,alice,25,Female,Sales,Clerk,55000.0,2018-04-05,3.0,4,Mumbai,Active,4
100973,frank,frank,35,Female,IT,Analyst,65000.0,2018-04-05,13.0,3,Chennai,Active,1
100974,frank,frank,35,Other,HR,Assistant,65000.0,2018-04-05,13.0,2,Hyderabad,Active,3
100975,david,david,35,Female,Sales,Assistant,50000.0,2018-04-05,13.0,2,Mumbai,Active,4
100976,hannah,hannah,50,Other,HR,Clerk,65000.0,2018-04-05,28.0,2,Hyderabad,Active,3
100977,david,david,35,Male,IT,Director,70000.0,2018-04-05,13.0,1,Chennai,Review,1
100978,hannah,hannah,50,Female,Finance,Clerk,70000.0,2018-04-05,28.0,5,Bengaluru,Active,2
100979,hannah,hannah,40,Male,Marketing,Director,50000.0,2018-04-05,18.0,3,Pune,Active,5
100980,eve,eve,35,Female,HR,Director,65000.0,2018-04-05,13.0,4,Hyderabad,Active,3
100981,david,david,35,Male,IT,Clerk,55000.0,2018-04-05,13.0,2,Chennai,Active,1
100982,bob,bob,35,Female,Sales,Manager,55000.0,2018-04-05,13.0,3,Mumbai,Active,4
100983,charlie,charlie,35,Female,HR,Assistant,65000.0,2018-04-05,13.0,2,Hyderabad,Active,3
100984,charlie,charlie,35,Female,HR,Director,65000.0,2018-04-05,13.0,2,Hyderabad,Active,3
100985,david,david,40,Female,Marketing,Director,65000.0,2018-04-05,18.0,4,Pune,Active,5
100986,david,david,25,Female,IT,Manager,65000.0,2018-04-05,3.0,1,Chennai,Review,1
100987,jack,jack,40,Female,Finance,Analyst,55000.0,2018-04-05,18.0,5,Bengaluru,Active,2
100988,eve,eve,50,Female,Sales,Manager,65000.0,2018-04-05,28.0,1,Mumbai,Review,4
100989,david,david,40,Female,IT,Manager,70000.0,2018-04-05,18.0,3,Chennai,Active,1
100990,jack,jack,50,Female,Sales,Director,65000.0,2018-04-05,28.0,1,Mumbai,Review,4
100991,hannah,hannah,35,Male,HR,Assistant,65000.0,2018-04-05,13.0,3,Hyderabad,Active,3
100992,frank,frank,25,Other,Marketing,Manager,55000.0,2018-04-05,3.0,3,Pune,Active,5
100993,frank,frank,35,Female,Marketing,Analyst,65000.0,2018-04-05,13.0,5,Pune,Active,5
100994,hannah,hannah,35,Other,Finance,Clerk,65000.0,2018-04-05,13.0,4,Bengaluru,Active,2
100995,grace,grace,35,Female,Marketing,Manager,50000.0,2018-04-05,13.0,5,Pune,Active,5
100996,jack,jack,50,Female,HR,Manager,65000.0,2018-04-05,28.0,1,Hyderabad,Review,3
100997,jack,jack,35,Male,Finance,Analyst,50000.0,2018-04-05,13.0,3,Bengaluru,Active,2
100998,hannah,hannah,35,Male,IT,Assistant,70000.0,2018-04-05,13.0,2,Chennai,Active,1
100999,bob,bob,25,Other,Marketing,Manager,65000.0,2018-04-05,3.0,2,Pune,Active,5
101000,ivy,ivy,35,Male,Finance,Manager,65000.0,2018-04-05,13.0,3,Bengaluru,Active,2
